date,page,tag,title,url,content
2021年4月1日,14,生态,让自己的身影成为亮丽风景,http://paper.people.com.cn/rmrb/html/2021-04/01/nw.D110000renmrb_20210401_1-14.htm,绿水青山见证了他们的尽忠职守，脱贫攻坚路上留下了他们的奋斗身影。全国110.2万名生态护林员积极响应国家号召，守护祖国的绿水青山，成为脱贫攻坚的先行者和带头人。　　脱贫摘帽不是终点，而是新生活、新奋斗的起点。今天的生态护林员们干劲更足，护生态、强产业，巩固拓展脱贫攻坚成果，积极投身乡村振兴，大步奔向更加美好的新生活。　　为了大力弘扬生态护林员的奉献精神，中央宣传部、国家林业和草原局、财政部、国家乡村振兴局向全社会公开发布最美生态护林员的先进事迹。　　“绿水青山是乡亲们的致富靠山，脱了贫更要管护好它”　　清明时节临近，做好森林防火尤为关键。连日来，甘肃省天祝藏族自治县安远镇柳树沟村生态护林员朱生玉，背着干粮整天在管护区内巡护蹲守。　　在柳树沟村，提起朱生玉，乡亲们都会竖起大拇指。他对工作认真负责，挨家挨户上门，面对面宣传防火知识，自己写标语、立警示牌，告诫群众不要带火种进山入林。3年多来，他所管护的责任区，从没发生过森林火灾，也没出现过乱砍滥伐的情况。　　前不久，有亲戚邀请他外出务工，收入比当生态护林员高好几倍。“绿水青山是乡亲们的致富靠山，脱了贫更要管护好它。这里的一沟一壑、一草一木，没人比我更熟。”朱生玉婉拒了亲戚的好意，巡山护林干得更起劲了。　　麦麦提・麦提图隼是新疆于田县先拜巴扎镇乔克拉村的生态护林员。今年，村里还要继续造林增绿，乡亲们种下的红枣、核桃需要加强管理、提高品质。“作为生态护林员，我得带好这个头。”麦麦提・麦提图隼说。　　学好才能干好。在村里，麦麦提・麦提图隼爱学习、勤钻研是出了名的。2018年被选聘为生态护林员之前，他对林业知识、林果管理技术知之甚少。为了补上短板，他跑图书馆找书看，哪里有培训班，就追着去哪里听，还利用自家的5亩核桃园进行实践，核桃亩产由五六十公斤提高到去年的200公斤。现在，乡亲们都称麦麦提・麦提图隼为“土专家”。　　“脱了贫摘了帽，好日子这才刚刚开始呢，还得好好干。”麦麦提・麦提图隼说，种林果保生态又富口袋，乡亲们一起努力，乔克拉村一定能成为瓜果飘香、生活富裕的好地方。　　以山为家、以林为伴，爱绿护绿让最美生态护林员们摆脱了贫困。眼下，他们干劲更足，发展动力更强，更加精心地呵护绿水青山，更加坚毅地探寻生态致富路。　　“脱了贫，还要致富，发展生态产业大有可为”　　摘帽不返贫，才是真脱贫。巩固拓展脱贫攻坚成果，归根到底还得靠高质量的产业。　　大别山区腹地，春耕备耕正忙。安徽省岳西县古坊乡上坊村，生态护林员汪咏生正忙着为水稻育秧做准备。　　好生态出好产品。看着村里的环境越来越好，2018年，汪咏生牵头成立了生态稻米种植合作社，带动120户农户抱团发展，去年户均增收3000多元。如今，乡亲们顺利脱贫。汪咏生觉得，作为一名老党员，自己不仅要当脱贫攻坚的先锋，还要当好共同致富的领头雁。今年汪咏生在邻村筹备成立了第二个生态稻米合作社，打算带动更多乡亲增收。合作社生产的生态大米每斤比普通大米贵两元多。最近汪咏生忙着为稻米绿色认证做准备，到时候米价说不定还能往上蹿一截。　　青山连绵，林海莽莽。“脱了贫，还要致富，发展生态产业大有可为。”巡防之余，湖南省汝城县大坪镇九龙瑶族村生态护林员吴树养种了10多亩白毛茶，茶园里还养蜂，养土鸡土鸭。自己富起来以后，吴树养没有忘记帮助乡亲们解决技术、销售难题。　　眼下正是春茶采摘期，吴树养高价收购村民的茶青，还帮村民代售茶叶。每当茶农遇到技术问题来向他请教，他都毫不保留地将技术传授给大家。谈起未来，吴树养信心满满，下一步他准备协助村里为白毛茶申请农业文化遗产，做大做强茶产业，依托九龙江国家森林公园发展乡村旅游，带动更多村民增收。　　“全面推进乡村振兴，我们生态护林员责无旁贷”　　脱贫攻坚取得胜利后，全面推进乡村振兴，这是“三农”工作重心的历史性转移。　　乡村生态振兴，最美生态护林员们成了生力军。“保护生态是我们的本职工作，当然要做好。但这还不够，必须发动广大村民积极参与。”广西龙胜各族自治县三门镇大地村生态护林员谭周林，俨然成了村里的生态文明“宣传大使”，走到哪里都把生态保护挂在嘴边。“现在乡亲们的生态保护意识明显强了，乡风更文明了，我的工作也好做多了。”谭周林说，现在有村民想在自家山林里砍两棵树用来装修，都知道要先去申请采伐许可证。　　乡村要振兴，生态宜居是关键。在龙胜，生态护林员成了人居环境整治的积极推动者。最近，谭周林和村委会成员一起挨家挨户上门，动员、协助村民清运垃圾、清理污水塘沟、清洁养殖圈舍。谭周林说：“建设美丽家园，要大家一起动手，全面推进乡村振兴，我们生态护林员责无旁贷。”　　贵州省湄潭县鱼泉街道办事处土塘村生态护林员陈力之是个“90后”，他成立了一家公司，最近正在申请商标。“等商标注册下来，还要接着开网店，拓宽销售渠道，让村里的山货卖到全国各地，带富更多乡亲。我们这里满山遍野都是生态茶园，发展茶园经济很有优势。”陈力之说。　　春意渐浓，最美生态护林员们忙着巡山护林，让自己的身影成为绿水青山间的亮丽风景，也融入徐徐展开的乡村振兴壮美图景中。　　版式设计：沈亦伶
2021年4月1日,14,生态,禁渔，黄河必将更美丽（大江大河）,http://paper.people.com.cn/rmrb/html/2021-04/01/nw.D110000renmrb_20210401_2-14.htm,核心阅读　　2018年以来，每年4月1日12时至6月30日12时，黄河流域统一实施禁渔期制度。黄河沿线省份落实禁渔期相关规定，农业农村部组织沿黄省份开展禁渔期联合交叉执法，流域性协作机制初步建立。接下来，相关部门还将开展实地调研，进一步完善黄河流域禁渔期制度。　　　　春光明媚，河南省三门峡市渑池县黄河小浪底库区，只见鱼群穿梭，苍鹭翩飞，曾经繁忙的捕鱼船不见踪影。近年来，渑池县严格实施黄河禁捕工作、守护母亲河，这也是黄河流域实行禁渔期制度的一个缩影。　　4月1日，黄河流域禁渔期制度进入第四个年头。如今，该制度实施情况如何？禁渔执法工作怎么开展？当前黄河禁渔工作又面临怎样的形势？　　每年4月黄河实施禁渔，相关省份可据实际情况扩大范围或延长时间　　2018年4月1日，农业农村部和河南省政府在黄河小浪底水库举行黄河禁渔期制度暨渔政联合执法启动活动，同时开展了水生生物增殖放流活动和禁渔巡航专项行动。这标志着黄河禁渔期制度正式启动实施，这也是黄河首次实施流域性统一禁渔。　　据统计，黄河流域9个省份印发的各类宣传材料年均达到25万份以上。如今，许多地方非法捕捞行为日渐减少，“不敢捕、不能捕、不想捕”的良好氛围已逐渐形成。　　据介绍，为养护黄河水生生物资源、保护生物多样性，原农业部于2018年2月印发《农业部关于实行黄河禁渔期制度的通告》，对黄河流域实施统一的禁渔期制度。其中规定，每年4月1日12时至6月30日12时，黄河干流、13条主要支流的干流河段和3个主要湖泊作为禁渔范围，禁止所有捕捞作业类型，同时允许各省份根据本地实际情况适当扩大禁渔区范围，延长禁渔期时间。例如，内蒙古将天然水域鱼类产卵场和洄游河道划为常年禁渔区，将黄河干流和主要支流禁渔期延长1个月；宁夏印发通知，要求从4月1日12时起至7月31日12时，黄河宁夏段397公里河段及入河沟、渠口等附属水域实行禁渔期制度。　　“得益于禁渔期制度等生态保护措施，黄河流域生态环境逐渐恢复，引来不少水鸟。黄河渑池坡头至南村段沿岸，这两年有成群的国家二级保护动物苍鹭栖息。”河南黄河湿地国家级自然保护区渑池管理站负责人茹云锋说。　　组织沿黄省份开展禁渔期联合交叉执法，流域性协作机制初步建立　　据农业农村部渔业渔政管理局有关负责人介绍，实施黄河禁渔期制度以来，农业农村部每年都会将黄河禁渔执法作为“中国渔政亮剑”的重点执法工作予以安排部署，组织沿黄9省份联合开展黄河禁渔期执法行动。特别是近年来，农业农村部会在每年5月底至6月上中旬抽调各省份精干渔政执法力量组成9个执法工作组，采用省际联合交叉、夜间巡查、交流指导相结合的方式，在黄河全流域组织开展省际渔政同步联合交叉执法专项行动，加强执法监管，严厉打击流动性违法行为。　　“沿黄9省份坚持问题导向，流域性协作机制初步建立，工作衔接配合进一步加强，取得较好成效。”农业农村部渔业渔政管理局有关负责人说。如今，山西、陕西、四川、甘肃等省份部分地区渔业渔政部门推动建立部门联合协调机制，形成政府牵头、部门联动、社会参与齐抓共管黄河禁渔的工作局面；内蒙古与宁夏、四川与青海、青海与甘肃、陕西与山西渔业渔政部门在黄河省际交界、共管水域开展联合执法检查，力争实现黄河禁渔执法“不留死角”。　　据介绍，农业农村部已于2019年底开通中国渔政执法举报受理电话及平台，通过电话、微信等渠道受理群众对违法行为的举报，及时向地方转交、督办违法案件线索，接受群众监督。　　黄河禁渔期制度总体执行情况良好，相关工作将进一步完善加强　　农业农村部渔业渔政管理局有关负责人说，2018年以来，农业农村部组织开展“中国渔政亮剑”专项执法行动，对违法行为形成了强有力的震慑作用。2020年长江禁渔工作启动以来，农业农村部牵头成立长江禁捕工作专班，在长江全面禁渔执法监管、渔民退捕安置保障、渔业资源评估与修复等方面积累了一些成功经验，为未来推进实施黄河更大范围的禁渔提供了借鉴。　　农业农村部渔业渔政管理局有关负责人也表示，目前黄河禁渔期制度总体执行情况良好，当前黄河流域要不要全面禁渔、如何实施禁渔，还有待进一步深入调研。以执法工作为例，本轮机构改革后黄河流域部分地区渔政执法机制尚未完全理顺，存在专业渔政执法人员不足、渔政执法力量薄弱等情况。同时，黄河流域省份渔政执法基础条件较差，巡查覆盖工作滞后，缺乏相关的取证设备、通信工具等。　　据中国水产科学研究院有关渔业专家介绍，在内陆水域，过度捕捞会造成渔业资源的衰退，此外，水域污染等因素也会对水生生物资源造成不利影响。　　农业农村部渔业渔政管理局有关负责人说，下一步将继续开展黄河专项执法行动，严格执行黄河禁渔期制度；加强黄河禁渔和水生生物保护宣传，提高渔民资源保护意识；开展黄河禁渔期情况调研，对黄河流域渔业资源状况、执法队伍建设情况进行摸底调查。此外，还将积极开展实地调研，听取当地渔业部门和渔民的意见，研究提出完善黄河流域禁渔期制度的意见与建议。
2021年4月1日,14,生态,2020年查办渔业违法违规案件4.19万件,http://paper.people.com.cn/rmrb/html/2021-04/01/nw.D110000renmrb_20210401_3-14.htm,本报北京3月31日电??（记者郁静娴）记者从农业农村部获悉：去年，“中国渔政亮剑”渔政执法工作取得显著成效。据统计，“亮剑2020”系列专项执法行动中，全国累计出动执法人员179.18万人次，水上巡查326.86万海里、陆上巡查766.04万公里，总计查办各类渔业违法违规案件4.19万件，同比增长29.16%。同时，查处跨区作业渔船2219艘，清理取缔海洋涉渔“三无”船舶10781艘。　　3月上旬，农业农村部印发《“中国渔政亮剑2021”系列专项执法行动方案》。“亮剑2021”包括长江流域重点水域全面禁捕、海洋伏季休渔、水生野生动物保护和规范利用等9个具体领域的专项执法行动。　　“方案立足守好发展和生态两条红线，进一步强化渔政执法监管，推动渔业高质量发展。”农业农村部渔业渔政管理局局长刘新中表示，特别是今年开始将水产养殖用投入品规范使用作为“亮剑”行动的重要内容，要求地方农业农村部门连续3年开展专项整治，加快恢复规范使用水产养殖用投入品良好秩序，确保广大人民群众消费养殖水产品“舌尖上的安全”，保护水域生态环境。　　今年是实施长江“十年禁渔”的开局之年。1―3月，长江禁捕秩序总体平稳。长江流域渔政监督管理办公室主任马毅介绍，当前，农业农村部一方面继续做好退捕群众的安置保障工作，另一方面持续完善长江禁捕管理机制，提升渔政执法监管能力，始终保持高压态势打击非法捕捞。下一步，还将启动实施“十省百县千户”跟踪计划，开展退捕渔民安置保障情况的跟踪回访，指导各地落实安置保障政策。　　目前，“亮剑2021”要求各地坚决打击利用垂钓变相进行捕捞生产的行为，各地也已采取一系列措施，如划定垂钓区域，规划钓具钓法、饵料类型、钓获物处置和垂钓时间等，对垂钓行为开展规范管理。同时，积极推动各地制定垂钓管理办法，将休闲性、娱乐性的垂钓行为纳入监管范畴，坚决把生产性、破坏性的垂钓行为阻挡在法律门外，切实维护禁渔秩序。
2021年4月1日,14,生态,高原植树不止步,http://paper.people.com.cn/rmrb/html/2021-04/01/nw.D110000renmrb_20210401_4-14.htm,今年44岁的索朗罗布生活在西藏自治区拉萨市当雄县格达乡格达村，从2012年开始，他尝试在家乡种植树木。索朗罗布前后共种植树木约8万棵，其中已有两万余棵成活，种植面积近千亩。　　“我小时候，村里经常飞沙走石，眼前这片地曾被称为‘不毛之地’。我就想尝试凭借自己的双手改变家乡环境。”索朗罗布指着已经种活的一片林地说，“只要有条件、有能力，就要一直种下去。”　　新华社记者??觉??果摄
2021年4月6日,14,生态,候鸟迁徙，我们助你（说道）,http://paper.people.com.cn/rmrb/html/2021-04/06/nw.D110000renmrb_20210406_1-14.htm,爱鸟始于心，护鸟践于行。希望这样守护候鸟的“加油站”越来越多，护好它们迁徙的道路　　　　又到了候鸟迁徙的关键时段。日前，国家林业和草原局召开电视电话会议，部署加强候鸟等野生动物保护。多地也采取了各种措施，为候鸟迁徙保驾护航。江西省南昌市青山湖区的天香园是候鸟迁徙路上重要的栖息地，为保护候鸟顺利进入栖息地，近年来在城市建设规划中，当地专门为候鸟留下一条横穿城区上空的通道。通道以鄱阳湖为起点，直至天香园内，为候鸟迁徙提供了绿色之路。　　南昌的做法，并不是个例。鸟类是大自然的精灵，对维护生态平衡有着重要作用。我国是世界上鸟类种数最多的国家之一，现有鸟类1445种，其中具有迁徙习性的有800多种。而且，我国还处于4条全球候鸟迁徙路线的交汇处，每年迁徙季节都会有大量候鸟途经我国。　　越山川、过海洋。长途迁徙，对于鸟类来说，是一场艰苦的旅途。近年来，随着我国生态文明建设的不断推进，人们爱鸟护鸟的意识也在不断提升。除了加强对鸟类的繁殖地、越冬地等地的保护以外，针对候鸟迁徙的规律和特点，一些候鸟迁飞的主要通道省份对于候鸟迁徙途中的保护力度也在不断加大，各种保护措施也是越来越具体。比如，去年秋季，因雨天起雾，一群不得不低空飞行的候鸟，在湖南省蓝山县被当地的广场射灯影响视线、迷失方向。发现这一情况后，蓝山县城市管理和综合执法局连续三天熄灭了广场上的高射灯及部分街道路灯，并倡导高层建筑主动熄灭霓虹灯、外墙灯，以保障候鸟正常飞行。　　为了帮助鸟类顺利迁徙，一些地区还因地制宜地制定了不少保护措施。上海崇明东滩鸟类国家级自然保护区是候鸟迁徙过程中至关重要的一处“加油站”，每年有上百万只候鸟在这里栖息或过境。然而，这个候鸟“加油站”，曾一度遭受外来物种互花米草的侵扰，导致候鸟所食用的水草锐减。为此，当地通过有效治理，清除互花米草，为候鸟保住了食物。　　日前，“爱鸟周”活动正在全国各地陆续开展。爱鸟始于心，护鸟践于行。迁徙的候鸟年复一年，历经艰难险阻，飞越千山万水。希望这样守护候鸟的“加油站”越来越多，护好它们迁徙的道路。
2021年4月6日,14,生态,为了24.1%，大家一起努力！（让祖国大好河山都健康）,http://paper.people.com.cn/rmrb/html/2021-04/06/nw.D110000renmrb_20210406_2-14.htm,核心阅读　　“十三五”时期，我国累计完成造林5.45亿亩。“十四五”规划纲要提出，“十四五”时期森林覆盖率将达到24.1%。　　或是增强生态建设系统性整体性，或是将绿化同黄河流域生态保护和高质量发展相结合，或是探索智慧化城市绿化管理方式……为进一步推进国土绿化、守护好祖国的绿水青山，不少地方做出了新的探索。　　　　今年是“十四五”规划开局之年。“十四五”规划纲要提出，“十四五”时期森林覆盖率将达到24.1%。　　面对新的国土绿化目标，各地绿化工作有了哪些新规划？基于目前的绿化成果，各地还将进行哪些探索？近日，本报记者在北京、山西、浙江等地进行了采访。　　新理念――　　更加重视绿化的系统性、整体性，增绿增景更增收　　山西临汾市大宁县绿荫造林专业合作社负责人贺建红专门研究了山西省发布的“十四五”规划和2035年远景目标纲要，“里面提到了‘全面推进吕梁山生态脆弱区修复’，以及‘绿化彩化财化同步推进’，今年又有很多项目可以干了！”　　山西省林业和草原局局长张云龙告诉记者，“从绿化理念上来看，山西目前的绿化更重视系统和整体布局，比如提出了‘两山七河一流域’生态修复治理的整体布局；同时更加侧重促进增绿、增景、增收有机统一，也更加注重科学绿化理念的贯彻，依据不同地域进行生态功能区划定等。”　　从重数量到重质量，再到更加系统和整体的布局规划，近年来，不少地方的植绿理念都在慢慢转变。　　森林、花海、湖泊、梯田，蓝绿交织，清新明亮――这就是北京城区最大的“绿肺”，北京温榆河公园一期示范区。　　“温榆河公园最大的特色和亮点，就是统筹生态要素，构建蓝绿交织的绿色生态空间。”北京市园林绿化局副局长高大伟表示，这也是北京市从重建设、重规模升级为建管并重，进而推动国土绿化从“绿起来、美起来”向“活起来”转变的一个缩影。　　蓝绿有机融合、平原林海蔓延、绿道连带成网……高大伟表示，增强全市生态建设的系统性、整体性，将成为“十四五”时期首都生态建设的一大突出特色。接下来，北京将推进森林湿地有机融合，建设林城相映、林田相护、林水相依、林村相伴、市域一体的自然生态系统，进一步提高生态系统连通性、稳定性。　　新特色――　　绿化与地方特色、需求相结合，进一步推进环境美化、生态修复　　这几年，浙江杭州市民和来杭州的游客都有相同体会：杭州的文化氛围愈发厚重，山水也更清秀了。对此，杭州市园林文物局局长高小辉有着自己的理解：“杭州2017年就被评为国家生态园林城市，而评选需要非常硬性的指标――比如绿地率要达到35%以上；同时对绿地布局的合理性也有要求，老百姓出门300米要见得到绿化、500米要见得到公园……”　　高小辉告诉记者，杭州的园林是代代传承下来的宝藏，“比如说，上世纪90年代杭州园林的代表太子湾公园，使用树林和大面积草坪，再引入钱塘江水体，可以说是精雕细琢打磨出来的。”高小辉介绍，今年杭州计划扩绿1000万平方米，明年再扩绿1000万平方米，同时新建和提升改造城市小公园50个，新建和提升改造健身绿道550公里，让老百姓家住园林边、走在园林中。　　“‘十四五’时期，浙江将以打造高质量‘森林浙江’为目标，继续实施新增百万亩国土绿化行动，全面启动千万亩森林质量精准提升等工程。”浙江省林业局党组书记、局长胡侠向记者介绍。　　浙江的绿化进程，映衬着园林、山水的风光美景；而山西的绿化，则守护着黄河母亲河的滚滚波涛。　　山西境内，西部绵延400多公里的吕梁山脉紧挨黄河，过去曾是水土流失的“重灾区”。吕梁山的植被覆盖率越低，入黄河的泥沙就越多。如今，把黄河流域生态保护和高质量发展的主线与绿化结合，成为山西国土绿化布局的新特色。山西运城市委书记丁小强介绍，运城市不仅着眼于黄河沿岸的“控污”与“绿岸”，还将环境治理与绿色产业发展的格局紧密结合。　　新措施――　　提高城市绿地生态功能，“智慧化”管理为绿化赋能　　顺着北京温榆河公园玲珑小岛向北，可见一座奇特的高塔，外观很像鸟窝，游客可以攀爬其中。原来，这是茑屋，是一座生态观鸟塔，游客可以在这里登塔远望，尽情观鸟、观湖、观园。　　“未来，公园会有大量鸟类安家，这里将会是最佳观赏点之一。”温榆河公园相关负责人说。高大伟介绍，“十四五”时期，北京市将聚焦新技术、新措施，提高城市绿地生态功能。　　在浙江湖州安吉县，园林师傅方小强的工作和以前相比轻松了不少。　　方小强告诉记者，以前到了病虫害防治季节，尽管已对城区主次干道和公园广场摸排多次，但也总有些“漏网之鱼”。“往往就是几棵没被发现的病虫害苗木，便可能导致这一片的防治工作功亏一篑。”他说，如今有了智慧园林系统，只要对照系统整改单上的定位与描述，处理完拍照直接上传即可。　　据介绍，为探索智慧化城市绿化管理方式，2019年安吉县综合行政执法局开发建设了智慧园林管理系统。通过精准普查，将每一株树木的地理坐标等信息纳入系统，如果发现病虫害，可根据系统对整个城区相同树种进行整体防治。　　“通过智慧园林管理系统，我们摸清了园林绿化家底，比如城区有多少树木、多少品种、分布在哪里等，园林工作更有章法。”安吉县综合行政执法局园林绿化科主任王双喜告诉记者。
2021年4月6日,14,生态,部署加强候鸟迁徙保护,http://paper.people.com.cn/rmrb/html/2021-04/06/nw.D110000renmrb_20210406_3-14.htm,本报北京4月5日电??（记者寇江泽）目前是候鸟迁徙的关键时段，国家林业和草原局日前召开电视电话会议，部署加强候鸟等野生动物保护。　　会议要求，各地要建立健全鸟类等野生动物保护领导责任，实行属地管理，牵头建立打击野生动植物非法贸易联席会议制度，将鸟类等野生动物及其栖息地保护纳入林长制考核内容，压实生态护林（草）员职责。
2021年4月6日,14,生态,长江流域“三无”“隐形”采砂船问题突出,http://paper.people.com.cn/rmrb/html/2021-04/06/nw.D110000renmrb_20210406_4-14.htm,本报北京4月5日电??（记者王浩）近日，水利部、公安部、交通运输部、工业和信息化部、市场监管总局五部门联合开展长江河道采砂综合整治视频会商。近年来，水利部会同有关部门及沿江各地深化合作，保持高压严打态势，长江河道采砂秩序总体可控、稳定向好。　　但与此同时，当前长江干流来沙量大幅下降，长江流域砂石市场供需矛盾突出。在暴利驱使下，不法分子铤而走险，盗采行为时有发生，方式更加隐蔽，采砂船舶装备升级，“三无”“隐形”采砂船问题突出，长江采砂管理面临新的形势和任务。　　水利部提出，要在压实属地管理责任上，落实河长制湖长制和采砂管理责任制，建立完善政府主导、各部门紧密协作、快速反应的组织指挥体系，协调推进相关工作，确保取得预期成效；在深化部门合作上，沿江各地各有关部门要在政府的统一领导下，加强协调配合，开展联合检查、联合执法，共同会商案情、畅通案件移送，特别是要在采砂船舶设计、建造、改装、注册登记、转籍过户、年检等各个环节加强联动，推动长江采砂船舶减存量、控增量。　　公安部提出，沿江各地和长江航运公安局要以深化打击长江非法采砂犯罪专项行动为抓手，紧盯“人、船、砂、证、案、钱”六个要素和“采、驳、运、销”四个环节，进一步加大打击震慑、巡查防控、联合整治和警示宣传力度，积极做好综合整治和源头治理有关工作，坚决遏制长江非法采砂违法犯罪行为。　　交通运输部提出，要通力合作，依法查处证件不齐、船证不符的采砂船，坚决取缔拆解“三无”采砂船。
2021年4月6日,14,生态,青海治理水土流失超1万平方公里,http://paper.people.com.cn/rmrb/html/2021-04/06/nw.D110000renmrb_20210406_5-14.htm,本报西宁4月5日电??（记者贾丰丰）日前，记者从青海省水利厅获悉：过去10年，青海省共完成水土流失治理面积1.09万平方公里，水土流失面积和强度实现“双降”。　　从2011年3月开始，青海省积极推进水土保持法配套法规建设，水土保持法规体系进一步完善。统计显示，10年间，青海省共完成水土流失治理面积1.09万平方公里，其中水利行业完成水土流失治理面积3162.88平方公里，治理区植被覆盖率增加15%至25%。　　版式设计：沈亦伶
2021年4月6日,14,生态,赤水河畔 绿意盎然,http://paper.people.com.cn/rmrb/html/2021-04/06/nw.D110000renmrb_20210406_6-14.htm,春日的赤水河，两岸青山如黛，风景如画。　　四川省合江县位于赤水河和长江干流的交汇处。近年来，合江县积极践行“绿水青山就是金山银山”理念，致力走出一条生态美、产业兴、百姓富的可持续发展之路。　　赤水河流域是合江县粮食作物和经济作物主产区。近日，记者来到合江县大桥镇土地坝村时，村民王先富正在地里管理高粱秧。去年，该村成为合江县糯红高粱产业发展核心区，村民依靠种植高粱，人均增收超过5000元。　　近年来，合江县因时因地制宜发展高粱、荔枝和真龙柚产业，荒山不仅慢慢变青了，还成了当地群众的“致富山”。从2019年开始，合江县开始发展12万亩糯红高粱订单农业。2020年，合江县以荔江镇为主产地的赤水河流域荔枝产量达3300万公斤，产值16.7亿元。连片种植面积超过15万亩的荔枝林，不仅有效促进了赤水河流域的水土流失治理，更是成了当地农户增收致富的“绿色银行”。　　据介绍，合江县赤水河流域生活着约35.7万居民，生活污水管理成为当地保护赤水河的主要问题。近年来，合江县通过建污水处理厂、实施人居环境治理“厕所革命”、畜禽养殖粪污综合利用等方式，减少面源污染，保护赤水河的生态环境。　　2018年，合江县沿赤水河的7个镇街的污水处理厂全部完成建设并投入使用。2020年，合江县完成7条县级重点河流水功能区划定，深入推进长江、赤水河流域全面禁渔，做好当地转产上岸渔民安置后续工作，水质保持Ⅱ类标准。　　随着赤水河流域保护工作不断推进，合江县依托赤水河美食地标、文化地标，积极推出沿赤水河生态旅游产品，大力发展体验式、参与式的旅游，共同打造赤水河谷生态文旅康养长廊。
2021年4月7日,15,生态,中央生态环保督察组将进驻八省区,http://paper.people.com.cn/rmrb/html/2021-04/07/nw.D110000renmrb_20210407_1-15.htm,本报北京4月6日电??（记者孙秀艳、寇江泽）经党中央、国务院批准，中央生态环境保护督察组将于近期陆续进驻山西、辽宁、安徽、江西、河南、湖南、广西、云南8个省（区），开展第二轮第三批中央生态环境保护督察。　　督察组将重点督察以下内容：中央领导同志有关生态环境保护重要指示批示件的办理情况；贯彻党的十九届五中全会精神，立足新发展阶段，贯彻新发展理念，构建新发展格局，推动高质量发展情况；长江大保护、黄河流域生态保护和高质量发展等重大战略部署贯彻落实情况；严格控制“两高”项目盲目上马，以及去产能“回头看”落实情况；重大环境污染、生态破坏、生态环境风险及处理情况；中央生态环境保护督察及“回头看”发现问题整改落实情况；对人民群众反映突出的生态环境问题立行立改情况；生态环境保护思想认识、责任落实等党政同责、一岗双责落实情况。　　中央生态环境保护督察组进驻期间，各督察组分别设立联系电话和邮政信箱，受理被督察对象生态环境保护方面的来信来电举报。　　为统筹做好常态化疫情防控和生态环保督察工作，落实“六稳”“六保”要求，中央生态环境保护督察办公室专门致函上述省（区），要求坚决贯彻落实中央决策部署，有力有序推进边督边改，禁止搞“一刀切”和“滥问责”，并简化督察接待安排，切实减轻基层负担。　　文件要求，有关省（区）在督察进驻期间，应把握工作节奏，突出工作重点，服务“六稳”“六保”，有力有序推进边督边改。对于督察组受理转办的群众信访举报问题，既要认真核实、坚决整改，切实解决群众反映突出的生态环境问题；也要依法依规、实事求是，做到一事一办、一厂一策，不搞“运动式”整改。对于督察中发现的企业生态环境问题，既要督促有关企业切实履行生态环境保护责任，严格整改要求，确保整改到位；也要注重精细化管理，分类施策，加强指导帮扶。对于历史遗留生态环境问题，既要坚持底线思维，严控环境风险，保障群众利益；也要统筹兼顾，合理安排，因地制宜采取措施，努力做到经济社会与生态环境共赢。　　文件强调，有关省（区）严禁为应付督察采取紧急停工停业停产等简单粗暴行为，以及“一律关停”“先停再说”等敷衍应对做法。对生态环境问题的整改，要做到依法依规，统筹推进。要给直接负责整改工作的单位和人员留足时间，禁止层层加码、级级提速。特别是对涉及民生的产业或领域，更要妥善处理、有序推进，坚决杜绝“一刀切”行为。对于采取“一刀切”方式消极应对督察的，督察组将严肃处理，发现一起、查处一起。　　文件要求，有关省（区）在督察进驻过程中，既要通过必要的问责切实传导压力、落实责任，建立长效机制。同时，要严格贯彻落实中央有关文件精神，避免以问责代替整改以及乱问责、滥问责、简单化问责等行为。对发现涉嫌以问责代替整改，或问责走过场，以及问责泛化、简单化的，督察组将会及时予以提醒，情节比较严重的，还将按有关程序报告中央纪委国家监委机关。
2021年4月7日,15,生态,青山常在 生机盎然（让祖国大好河山都健康）,http://paper.people.com.cn/rmrb/html/2021-04/07/nw.D110000renmrb_20210407_2-15.htm,核心阅读　　如何推进“林长制”、实现“林长治”？2017年以来，江西开始探索林长制改革。当地因地制宜，推行一地一清单，增强各级林长履职尽责意识；利用北斗定位等技术，进行智能化巡护、监管。随着林长制的推进，当地百姓吃上了生态饭，林业经济也呈现出总量做大、结构做优的良好态势。　　　　蓝天白云，青山碧水。在江西，罗霄、武夷等山脉蜿蜒曲折，森林覆盖率高达63.1%，有自然保护地547处。　　近年来，作为全国率先探索林长制改革的省份之一，江西在治理山水的同时，也探索出一条绿色发展的新路径。　　“林长制不是‘冠名制’，而是‘责任田’”　　“在林区，每个公民都要遵守防火规则……”天刚蒙蒙亮，抚州市临川区连城乡的护林员许银铨就出发巡山了。随身背着的小喇叭，循环播放着他用方言录制的护林宣传语。　　“我负责的林地有15002.88亩。”许银铨指着不远处一座山头自豪地说：“这座山就是我管护的！”　　抚州市将全市林业资源划成2200个网格，每一个网格对应相应的护林员和监管员。这是江西省林长制实施规范标准化政策的一个缩影。　　连城乡武装部部长吴军学，也是连城乡的乡级副林长，每天他都要询问护林员们的巡视情况。　　“林长制不是‘冠名制’，而是‘责任田’。”抚州市林长办主任、林业局局长杨皓认为，林长制是要压实领导干部森林资源保护发展目标责任。2019年，江西第一张林长巡山令签发，各级林长深入各自责任区巡林督导。　　“吴开发林长，高田乡是你的责任区域，请根据资溪县总林长1号令要求，于2020年3月31日前完成巡林并协调解决以下森林资源保护发展中存在的突出问题：县级林长要及时深入辖区开展巡山活动，督促各级林长加强野生动物保护责任制落实；要协调林业、市场监督、商务、交通、公安等部门加强对野生动物非法捕猎、交易、贩运、出售等行为的监督检查……”这是资溪县人大常委会副主任吴开发收到的巡林工作提示单。　　据介绍，每位林长收到巡山令的同时，都会收到一张写有具体问题的巡林工作提示单。一地一清单，因地制宜，有了明确的问题，林长巡起山来，才能更好地推动问题的解决。据统计，抚州市各级林长在2020年巡山过程中，累计解决各类森林资源保护相关问题1025件。　　据统计，2020年江西共签发各级总林长令153次，省市县三级林长开展巡林5624人次，提交林长责任区域森林资源清单1622份、问题清单1641份、工作提示单3112份，印发督办函1430份，市县两级林长协调解决森林资源保护发展问题3017个。　　“借助智能化的巡护终端，护林员发现任何问题都可以及时上报处理”　　如果说一张巡山令，是林长尽职的“责任书”，那么一个巡护终端，就是护林员履职的“好帮手”。　　新余市分宜县年轻的护林员胡新华，管理的网格内有3个村庄、8496亩林地。胡新华一天的巡护工作是从点开手机上的赣林通APP开始的。　　几十公里外，分宜县林业局办公室的全域电子地图上，胡新华的位置变成了一个蓝色小点，技术人员潘容宇正认真地看着胡新华的巡视数据和轨迹。　　“护林员的巡护终端安装了北斗定位系统。”潘容宇说，“借助智能化的巡护终端，护林员发现任何问题都可以及时上报处理，每天巡护的记录也清晰可查。”　　2020年1月17日，护林员简新宝在新余市渝水区桐村西南约255米处发现了树木越界砍伐的情况。靠着赣林通APP，渝水区林业局工作人员很快就进行了现场查处，找到了责任人，19日便实现办结。“有一次，一位护林员的巡护终端丢在了巡护路上，莽莽大山中，我们找到了他最后的位置记录点，还帮他把手机找到了，就是这么准！”潘容宇笑道。　　如今，江西省林业局开发的装有北斗定位系统的特制巡护终端赣林通APP已经安装在全省所有护林员的手机上。山头有人巡、后台有人盯、问题有人查、成效有人问，自该终端投入运行以来，全省护林员巡护上报事件总数23741起，已处理办结23489起，办结率高达98.9%。　　“我们吃的就是生态饭，所以要守好身后这片山”　　鸟鸣山幽，溪水潺潺，鸢尾草在木屋旁茂盛地生长着……从武宁县武陵岩北山下远望，半山腰上，密密匝匝的树木之间，有星星点点的木质小屋，这就是卢咸锋的悦山居。　　今年40岁的卢咸锋是武宁县罗坪镇长水村人。2017年，村里鼓励年轻人回乡创业。看着家乡的好山好水，外出务工的卢咸锋动了回家创业的心思。　　作为长水村旅游康养产业中的一部分，卢咸锋的悦山居拥有21座小木屋，可以容纳80余人居住。所有木屋依树而建，根据树木之间的间距定制，没有砍山坡上的任何一棵树。　　“悦山居的绿化都是用本地的麦冬代替草皮，鸢尾草在山坡上做装饰，我们吃的就是生态饭，所以要守好身后这片山。”卢咸锋说。　　在江西，吃上生态饭的不止长水村，分宜县大砻下林场，万亩竹林中生长着竹荪。林下套种竹荪，还可以通过松土促进新鞭的生长，解决竹林收益小、林区富余劳动力等问题。　　“竹林下套种竹荪，平均每亩产新鲜竹荪400公斤，总收入217万元，除去成本及管理等费用，净利润有97万元。”林场负责人文昌武介绍。　　随着林长制的推进，江西林业经济呈现出总量做大、结构做优的良好态势：木材加工等传统产业逐步转型升级；油茶、毛竹等特色产业快速发展；森林旅游、森林康养等新兴产业蓬勃发展……目前，江西省竹林总面积达到1556万亩，森林药材种植面积达到79.6万亩，江西省林下经济总规模达到3934万亩，林下经济产值达2034亿元。　　版式设计：沈亦伶
2021年4月7日,15,生态,守一城碧水 护生态之美,http://paper.people.com.cn/rmrb/html/2021-04/07/nw.D110000renmrb_20210407_3-15.htm,“河水清了，河岸绿了，高淳越来越美了！”在江苏南京高淳区的城市论坛，有市民晒出随手拍的岸景，清水之上，几枝黄灿灿的迎春花从堤坝垂下。　　近日，高淳区被列为江苏省省级全域旅游示范区。因水而兴、因水而美的高淳，水域面积占全区总面积近1/3。对高淳人来说，要守护生态美，守住一城碧水是关键。　　在固城湖北侧的永联圩，几台大型机械正在河道作业。这是如火如荼的固城湖退圩还湖工程现场。　　“多年围垦改变了湖泊形态，固城湖北侧被压缩成一个‘葫芦口’，该区域内沟汊连通性下降，破坏了原有的水生态系统。”高淳区建设发展集团退圩还湖项目办负责人宋德宇介绍，退圩还湖就是增强水系沟通，打开“葫芦口”，恢复固城湖水域面积和湖泊容积。　　固城湖退圩还湖工程集生态、灌溉、防洪、供水、航运等效益为一体，计划2022年底完工，届时，将建成约6.2千米的环湖岸线堤防；将恢复自由水面约6.11平方千米，恢复有效防洪库容2200多万立方米。　　高淳区大丰河水系连通工程已于去年3月完工。景观带水清岸美，塑胶跑道蜿蜒在沿河绿地中，一条生态廊道，串联起自然风光、人文景观和百姓生活。　　对生活在高淳的上岸渔民而言，生活的改善不仅体现在居住环境。地处长江支流水阳江、青弋江下游腹地，高淳区被固城湖、石臼湖、水阳江环绕。2020年7月起，属于长江流域水系的石臼湖实行全面退捕。　　“政府组织我们上岸渔民参加技能培训班，还给我们提供职业指导，解决我们的后顾之忧。”淳溪镇渔业村上岸渔民竺年喜说。截至目前，满足政策标准的565名退捕渔民已全部纳入社会保险和公共服务保障。　　高淳区着力构筑未来绿色产业新高地，除了加快推动现代农业产业园等特色园区建设，还加快传统产业智能化改造，更大力度开展招商引资、项目攻坚，形成绿色产业发展链条。高淳区委书记吴勇强表示：“我们将在更高起点推进全域美丽花园建设，推动高淳从城市花园向花园城市迈进，努力让群众享受更高品质生活。”
2021年4月7日,15,生态,广告,http://paper.people.com.cn/rmrb/html/2021-04/07/nw.D110000renmrb_20210407_4-15.htm,
2021年4月8日,14,生态,将建快递业限制过度包装行业标准,http://paper.people.com.cn/rmrb/html/2021-04/08/nw.D110000renmrb_20210408_1-14.htm,记者日前获悉：国家邮政局计划4月正式启动过度包装专项治理，依据今年3月正式实施的《邮件快件包装管理办法》（以下简称《办法》），争取利用一年时间，有效遏制过度包装等违法违规行为；同时，到年底电商快件不再二次包装率将达80%。　　近年来，我国邮政快递业实现跨越式发展，快递业务量稳居世界第一。在行业快速发展的同时，快递包装问题也给环境保护带来一定压力。《办法》围绕邮件快件用什么包、怎么包、怎么管三个关键问题，明确了制度设计和条款内容。这又对寄递企业、用户、邮政管理部门将会产生哪些影响？　　寄递企业应当建立健全包装管理制度　　《办法》明确规定，寄递企业应当建立健全包装管理制度，使用统一的商标、字号或者寄递详情单经营寄递业务的，商标、字号或者寄递详情单所属企业应当对邮件快件包装实行统一管理。　　国家邮政局有关负责人表示，根据《办法》，寄递企业应当严格执行包装物管理制度，采购使用符合国家规定的包装物，优先采用可重复使用、易回收利用的包装物，优化邮件快件包装，减少包装物的使用；鼓励寄递企业采购使用通过绿色产品认证的包装物，规定寄递企业通过宽度较小胶带、加强结构性设计、推广使用电子运单、选用尺寸合适的包装箱等措施减少包装物用量；针对一次性塑料产品替代、包装物中重金属含量和苯类溶剂残留管控等问题，明确企业责任，强化源头治理。此外，寄递企业应加强对协议用户的引导和管理，推动共同落实绿色包装要求。　　同时，要求寄递企业按照环保、节约的原则，合理进行包装操作，不得过多缠绕胶带，尽量减少包装层数、空隙率和填充物；鼓励寄递企业建立健全工作机制和回收流程，对包装物进行回收再利用。　　用户不宜提出过多缠绕胶带等要求　　加强邮件快件包装管理，需要多方协同共治。《办法》的出台，对用户寄快递将产生什么影响？　　国家邮政局有关负责人表示，邮件快件包装涉及生产企业、寄递企业和用户等多方主体。用户是寄递服务中重要的参与者和影响者，快递包装绿色治理离不开用户的配合和支持。　　该负责人表示，用户应当遵守邮件快件包装的基本原则和一般要求。《办法》规定，包装邮件快件应当坚持实用、安全、环保原则，符合寄递生产作业和保障安全的要求，节约使用资源，避免过度包装，防止污染环境。　　用户应配合寄递企业落实有关要求。例如，对快递员依照规范进行的包装操作，用户不宜提出过多缠绕胶带等不合理的要求；自备包装物不符合规定，快递员要求更换或者代为更换的，用户不得拒绝或阻碍；对寄递企业投入使用的可循环包装物，收件人应当在取出内件后将可循环包装物归还快递员。　　国家邮政局有关负责人呼吁广大用户积极参与、认真配合邮政管理部门和寄递企业的相关工作，便捷快递人人享有，绿色快递人人有责，共同为构建绿色快递、建设美丽中国做出贡献。　　要初步构建防止过度包装的长效机制　　在防止过度包装上，邮政管理部门将采取哪些措施？　　国家邮政局有关负责人表示，要推动出台快递业限制过度包装要求行业标准，结合行业实际进一步细化过度包装的认定依据，方便全行业操作执行；组织开展过度包装专项治理，争取利用一年的时间，有效遏制过度包装等违法违规行为，初步构建防止过度包装的长效工作机制；加强常态化监管，不断提升寄递企业规范包装操作的意识和能力，营造抵制过度包装、避免过度包装的良好氛围。　　据介绍，为落实《办法》，国家邮政局将出台配套规定，如落实《固废法》等上位法规定，强化有机衔接，研究出台行业生态环保信息报告、包装操作规范备案等方面的配套制度。同时严格行政执法，按照“谁执法、谁普法”的原则，指导各地邮政管理部门针对包装统一管理、使用符合标准包装、协议用户引导和管理、包装操作规范制定和备案、包装操作培训、避免过度包装、行业塑料污染治理等方面强化监督管理和行政执法，持续抓好法律和规章规定的贯彻落实，确保相关规定在行业内落地生根。　　为构建长效机制，国家邮政局有关负责人表示，计划在2022年4月份，也就是《办法》生效实施一周年后，组织开展专项执法检查，强化实施监督，确保《办法》得到有效的贯彻落实。
2021年4月8日,14,生态,再生水 有大用（美丽中国・关注污水资源化利用②）,http://paper.people.com.cn/rmrb/html/2021-04/08/nw.D110000renmrb_20210408_2-14.htm,核心阅读　　“十四五”规划和2035年远景目标纲要提出，实施国家节水行动，建立水资源刚性约束制度，强化农业节水增效、工业节水减排和城镇节水降损，鼓励再生水利用。　　近年来，北京在加强污水处理、提升污水处理标准的同时，加快再生水利用，扩大其用途和用量。如今，再生水利用量占北京年度水资源配置总量近三成，再生水已经成为不可或缺的重要水源。　　　　北京，南四环外，凉水河畔，坐落着一座现代化再生水厂――北京排水集团小红门再生水厂。来自北京西部、南部城区的生活污水，在这里经过生物处理、沉淀、过滤、脱色、消毒等12道工序，净化为主要指标达到地表水Ⅳ类标准的再生水；随后通过6台离心泵，进入全长33.4公里的输水管道，为北京的母亲河――永定河进行生态补水。　　在进入永定河前，再生水还要接受湿地净化，进一步降解水中的氮、磷等物质。进入永定河时，再生水能达到地表水Ⅲ类标准。　　这是北京推进污水资源化利用的一个典型场景。来自北京市水务局的数据显示，2020年全市再生水利用量达到12亿立方米，占年度水资源配置总量近三成，成为不可或缺的重要水源。　　污水处理能力提档升级，大大节约优质新水资源　　流水潺潺，绿树依依，北京广渠路沿线呈现出一派湿地风光――这是利用再生水打造的湿地公园。按照规划，每天将有50万立方米再生水从高碑店再生水厂注入这片湿地，形成了首都核心区与城市副中心之间的一条生态景观廊道。　　高碑店再生水厂位于北京市朝阳区，除给华能电厂、西北热电等提供冷却水外，一部分再生水还被作为景观环境用水，给凉水河、南护城河、郊野公园等地补充环境用水。它的前身曾经是北京市规模最大的污水处理厂――高碑店污水处理厂。　　北京市多年平均降水量为585毫米，年均可利用水资源量37.4亿立方米，年人均水资源量不足200立方米。曾经，由于持续干旱，北京只能超采地下水维持水量供应。“十几年来，北京地下水位平均每年下降1米左右，而每下降1米，储量就会减少5亿立方米。”北京市水务局水资源处处长廖平安介绍。　　在这种情况下，开发利用再生水、雨水等非常规水源，被提上了议事日程。　　2013年，北京市政府印发《北京市加快污水处理和再生水利用设施建设三年行动方案（2013―2015年）》，提出三年内全市新建再生水厂47座。在此背景下，曾经的高碑店污水处理厂被升级为高碑店再生水厂。目前，该再生水厂日处理规模达100万吨，大大节约了优质新水资源。　　北京市水务局污水处理与再生水管理处副处长付朝臣介绍，像高碑店再生水厂一样，自2013年以来，北京所有新建再生水厂和升级改造污水处理厂都要求主要出水指标一次性达到地表水Ⅳ类标准。截至2020年底，北京现有大中型污水处理厂和再生水厂污水日处理能力达1万吨以上的共67座，污水处理总能力达679.2万立方米/日，污水处理率达到95%。　　价格优势日益明显，再生水用途逐渐多元、用量逐年走高　　2010年，一家企业的生产线打算落户北京经济技术开发区，但因为该项目设计用水量达每日3.8万吨，相当于当时北京经开区总用水量的一半，审批事项悬而不决。　　项目“卡壳”怎么办？北京经开区当时给出的解决方案是，生产不动新水，用再生水来支撑。为了实现这一目标，北京经开区建设了日产水量达4万吨的再生水厂。经过10年运行，如今该企业的这条生产线已全部采用再生水。　　如今，在北京经开区，越来越多的企业用上了高品质再生水。据统计，北京经开区万元GDP水耗已连续7年保持在4立方米以内，用水效率达到国际先进水平。据测算，北京经开区每年高品质再生水利用量达到1200万立方米以上，占工业用水总量的40%以上。　　“价格因素是推动再生水得到广泛应用的重要原因。”北京市节约用水办公室四级调研员刘鹏告诉记者，2003年以来，北京再生水价格一直维持在1元/立方米，再生水与自来水价格相差3―4元/立方米，大大推动了再生水利用。2014年以来，北京又进行多次水价调整，再生水价格调整到最高价格不超过3.5元/立方米，但与非居民自来水价格差距最高扩大到6元/立方米，价格优势进一步加大，提高了再生水用户的积极性。如今，北京再生水利用量由2013年的8亿立方米增加到2020年的12亿立方米，用水途径也由绿化、洗车、冲厕等逐步推广到工业、河湖环境及道路浇洒等方面。　　有效改善区域水环境，接下来将进一步提升使用效益　　春风送暖，逛家附近的画眉山公园成了海淀区水岸家园小区居民张先生的一大乐事。画眉山公园是南沙河上游大寨渠渠首新建成的滨水公园。“5年前刚搬到这儿时，小区边上还只是条没水的沟渠。”张先生回忆。　　曾经，在北京的河流湖泊中，像大寨渠这样没水或水少的沟渠不少。海淀区水务局副局长宋强介绍，海淀虽然水系发达，但水资源比较匮乏，“我们一共有35条河道、63条沟渠，但很多沟渠都处在干涸或水少的状态。”　　河道没水或水少，带来的直接影响就是水质变差。为改变这一局面，2020年，海淀区水务局决定实施“水清岸绿行动”。“根据目前海淀区的水资源现状，我们采用再生水作为主要的补水水源，利用上庄再生水厂等为南沙河进行生态补水，再将南沙河的水调往上游，带动北部12条支渠循环流动，既带活了干涸的支渠，又改善了南沙河水质。”海淀区水务局局长马光耀介绍。　　“以前，我们小区虽然叫水岸家园小区，却名不副实。现在，要是有朋友来家里串门，我都要带着他们逛一逛家门口新添的滨水公园，我们是当之无愧的水岸家园了。”张先生说。　　海淀区改善区域水环境的做法，也是北京高效利用再生水的缩影。北京“十四五”规划中明确提出，到2025年生产生活用水总量不超30亿立方米，并实现零增长。“这意味着，在新水总量不增长的情况下，再生水的产出和利用量也不会有明显增长。我们将着重在提升再生水的使用效益上下功夫。”付朝臣表示。
2021年4月8日,14,生态,春到青海湖,http://paper.people.com.cn/rmrb/html/2021-04/08/nw.D110000renmrb_20210408_3-14.htm,日前，我国最大的内陆咸水湖青海湖已开湖。　　每年春天，青海湖冰雪融化，这个过程被当地牧民称为“开湖”。青海湖开湖，也预示着整个青海湖迎来了春天。　　青海湖开湖，有“文开”和“武开”之别。“文开”是指随着气温渐升，冰面逐渐变薄、破碎，缓慢融化，在不知不觉中，由前一天的冰冻景象变成连天碧波。“武开”则是指湖面冰层在狂风的推动下，瞬间四散，互相碰撞、挤压，涌向湖岸，在岸边堆积成各种形态的冰坝。　　今年的青海湖开湖为“武开”，现场破冰之声如万马奔腾，浮冰堆砌于岸，如冰峰耸立，蔚为壮观。大批棕头鸥已迁徙回青海湖，鱼翔湖底，鸥鹭齐鸣，牛羊欢叫，一个生机盎然的湖畔春天正在到来。
2021年4月12日,13,生态,长三角 法治协同护长江（美丽中国）,http://paper.people.com.cn/rmrb/html/2021-04/12/nw.D110000renmrb_20210412_1-13.htm,核心阅读　　近年来，在长三角三省一市，法治协同成为推进长江大保护的关键词之一。上海、江苏、浙江、安徽四地在立法、执法、司法等方面紧密协作、形成合力，实现长江口禁捕执法监管常态化、高质量办理跨域案件、健全监管长效机制，构建齐抓共管的长江流域生态保护工作格局。　　　　4月1日起，上海、江苏、浙江、安徽四地人大常委会分别通过的促进和保障长江流域禁捕工作有关决定同时开始施行。据了解，这些决定在主要条款、基本格式等方面保持一致，将为加强长江流域禁捕工作提供更有力的法制保障。　　除了协同立法，在执法、司法等方面，长三角各部门各单位同样加强合作，织密法治保护网，守护着长江下游的清水绿岸。　　打造覆盖捕捞、运输、销售全链条的监管体系　　“长江口禁捕管理区附近有艘船，很可疑。”近日的一个傍晚，长江航运公安局上海分局刑侦支队副支队长喻欣正准备下班时，获知了这样一条线索。　　通过信息化手段，公安机关发现，在长江上海段北支口水域，有艘船疑似正在进行非法捕捞作业。长航公安会同上海、江苏渔政部门，立刻前往案发水域。经过约5个小时航行，近午夜1点，执法人员到达案发水域发现，灯光下密密麻麻布设了大量鳗苗网，一艘渔船停泊在旁，周边还有不少用于捕捞作业的泡沫筏。　　“这个位置，刚好是上海、江苏两地水域交界处。”喻欣说，涉事人员开着江苏籍的渔船到上海捕捞作业，且故意关闭了船名识别设备，在船舶管理的后台系统无法确认它的真实身份。曾经，打击长江非法捕捞，跨省份的区域是难点和痛点。地方执法部门普遍把执法力量集中布设在省域内重点区域，一些犯罪嫌疑人利用省域交界处执法力量相对薄弱的特点，流窜作案，有时等执法船到达现场时，对方已经逃之夭夭了。　　这次，在长江口禁捕管理工作协调机制下，次日凌晨，长航公安和上海、江苏多方力量共同配合，将这个江苏省启东市来的盗捕鳗鱼苗的团伙抓获，14名犯罪嫌疑人被捕，查获非法渔获物500余尾，查明涉案金额近30万元。　　为了统筹加强长江口水域禁捕执法监管，联合打击非法捕捞行为，畅通江海洄游通道，提高长江水生生物保护的生态系统性和流域整体性，实现长江口禁捕执法监管常态化、长效化，去年11月，农业农村部会同公安、交通、市场、林草、海警等相关部门和上海、江苏、浙江地方政府建立长江口禁捕管理工作协调机制，打造覆盖捕捞、运输、销售全链条的监管体系。　　“这只是一个开始，到了审查逮捕、起诉阶段，我们同样需要加强与外地司法机关的合作。”上海铁路运输检察院第三检察部副主任李怡文说，过去办理的一些涉长江保护案件中，有的犯罪嫌疑人在其他省份有犯罪事实，有的需要到异地调取材料，“没有跨省域的这种合作，对一些案件的事实认定会有遗漏或者重复，不利于定罪。”　　有序协同、整体联动，凝聚生态资源跨域司法保护合力　　为更有效办理长江下游的生态保护类案件，近年来，长三角三省一市检察机关合作愈发紧密。　　2020年以来，沪苏浙皖检察机关会签实施了《沪苏浙皖检察机关关于依法全面充分履行检察职能为扎实推进长三角一体化发展提供司法保障的意见》《关于环太湖流域生态环境行政公益诉讼跨省际区划管辖协作意见》等文件，联合制定服务保障长三角一体化发展2021年行动方案，进一步凝聚长江流域渔业生态资源跨域司法保护合力。　　在李怡文办理的一起案件中，被告人张某某等9人多次在长江上海段、东海海域进行非法捕捞。这个案件中，有3名非法捕捞者系由江苏海门渔业行政主管机关查获并当场扣押渔具，上海市检察机关在审查起诉阶段通过与江苏公安机关跨省移送案卷材料，固定了其作案所使用的渔具系禁用捕捞工具的证据。在经过严密的取证和侦办后，3月29日，法院以被告人张某某等9人犯非法捕捞水产品罪，判处有期徒刑十个月至六个月不等。　　自2020年以来，截至今年2月，沪苏浙皖四地检察机关共批准逮捕长江流域非法捕捞水产品刑事案件104件170人，提起公诉1958件3283人。同时，依法充分履行公益诉讼检察职能，共立案非法捕捞类公益诉讼案件1121件，履行诉前程序999件，起诉340件。特别是依托长三角区域检察协作机制，高质量办理了一系列跨省域案件，有效促进江豚、中华鲟等濒危物种的栖息地水体修复。　　建立健全协同闭环监管长效机制　　今年3月1日起正式实施的长江保护法明确规定，长江流域相关地方根据需要在地方性法规和政府规章制定、规划编制、监督执法等方面建立协作机制，协同推进长江流域生态环境保护和修复。　　去年12月底，上海市人大常委会邀请江苏、浙江、安徽省人大相关委员会负责人召开座谈会。“四方对开展协同立法、联动监督有了一致认识。”上海市人大常委会法工委主任丁伟介绍，随后上海市人大相关委员会赴江苏、浙江、安徽三省，对立法工作进行研讨和沟通，进一步深化了合作、凝聚了共识，确定由上海市起草示范文本，各省份结合实际，修改形成各自文本。　　今年2月，《上海市人民代表大会常务委员会关于促进和保障长江流域禁捕工作若干问题的决定》由上海市人大常委会会议表决通过。3月，江苏、浙江、安徽省人大常委会也先后表决通过了有关决定，四地的4部法规均于4月1日起施行。“我们四地人大的决定在文本上总体是一致的，在关键条款上完全一致。”丁伟说，长江流域禁捕，特别是长江口禁捕，需要三省一市探索长江流域禁捕跨省联动监督、协同立法、联合执法。因此，四地决定提出，要建立健全三省一市协同的闭环监管长效机制，探索建设覆盖三省一市的船舶登记信息共享平台、渔船动态监管平台和执法信息互通共享平台等，共同打击破坏禁捕的各类违法犯罪行为。　　“结合我省实际，针对江苏禁捕工作中存在的突出且亟待解决的问题，我们增加了一些内容。”江苏省人大常委会法工委副主任夏正芳介绍，江苏还提出，设区的市、县（市、区）政府在落实禁捕属地管理责任的过程中，要建立与相邻设区的市、县（市、区）交界区域共管机制，更好地依法打击非法捕捞等行为。　　“长江在安徽境内被称为‘八百里皖江’，流域内生物多样性资源丰富。”安徽省人大常委会法工委副主任曹林生说，为了形成禁捕合力，安徽有关决定提出，要强化司法保障，规定公检法和相关行政执法部门，依法履职，分工协作；加强执法机构和队伍建设，保障执法监管必要需求。　　浙江省人大常委会法工委副主任何晓明表示，要做好联动监督工作，督促省里有关部门和相关地方积极探索三省一市联合执法、共同打击非法捕捞的体制机制，形成监管工作闭环，努力推动构建长三角三省一市齐抓共管的长江流域生态保护工作格局。
2021年4月12日,13,生态,生物安全法律规制的里程碑,http://paper.people.com.cn/rmrb/html/2021-04/12/nw.D110000renmrb_20210412_2-13.htm,生物安全法正式实施，为我国防范生物安全风险和提高生物安全治理能力提供了坚实的法律支撑，标志着我国生物安全法律体系建设进入了新的发展阶段，是生物安全法律规制的重要里程碑。　　生物安全法具有重要时代意义　　为进一步维护国家安全提供了法律依据。2020年2月，习近平总书记提出“把生物安全纳入国家安全体系，系统规划国家生物安全风险防控和治理体系建设”。生物安全法是在生物安全治理领域对总体国家安全观进行的具体贯彻。该法明确提出“维护国家安全，防范和应对生物安全风险”的立法目的，并从立法原则、管理体制、基本法律制度、法律责任等方面为我国生物安全风险防控提供了明确的法律依据，同时为进一步推动生物安全纳入国家安全体系，实现国家安全的整体性保障提供了法治路径。　　为完善我国生物安全法律体系奠定了基础。生物安全法作为我国生物安全治理领域的基础性法律，对生物安全风险防控体制、重大新发突发传染病、动植物疫情、生物多样性、生物技术研发等多个领域的生物安全风险防控问题进行系统性、针对性的规制，填补了多项立法空白。同时，它明确了我国生物安全法律规制的统一理念和目标，其原则性和授权性规定为今后国家和地方生物安全立法工作预留了空间，为健全以生物安全法为核心、以其他相关法律规范为重要内容的生物安全法律体系奠定了坚实基础。　　为促进我国生物技术产业健康发展提供了法律保障。生物安全法既强调防范生物安全风险，也注重促进我国生物技术产业健康发展。生物安全法通过加强生物安全能力建设、科学研究以及基础设施建设等，为生物技术产业发展创造了健康发展的法治环境，实现生物安全风险防控与产业健康发展的有效协调。　　生物安全法的主要亮点　　界定了生物安全的法律规制范围。生物安全法首次在国家层面以综合性立法的形式对生物安全进行了法律界定，拓展了生物安全的法律内涵，在防控重大新发突发传染病、动植物疫情、生物技术研发与应用、病原微生物实验室、人类遗传资源与生物资源、生物恐怖与生物武器等做出明确规定，实现了对生物安全风险的整体性、针对性防控。　　建立健全了生物安全风险防控的领导体制。生物安全法以专章的形式规定了生物安全风险防控体制，分别对国家生物安全工作的领导机构、各级生物安全工作协调机制以及国家生物安全风险防控相关制度进行了明确，为实现国家领导下各利益相关主体参与生物安全风险防控的协同合作提供了制度支撑。　　明确了生物安全风险防控基本原则和制度。生物安全法要求“维护生物安全应当贯彻总体国家安全观，统筹发展和安全”，并且明确了以人为本、风险预防、分类管理、协同配合等基本原则。生物安全法明确了生物安全风险监测预警制度、风险调查评估制度、信息共享制度、生物安全审查制度、应急制度等基本法律制度，为实现生物安全风险的“全链条”防控提供了可靠的制度依据。　　我国生物安全法律体系的展望　　以实现生物安全的整体性规制为理念。随着生物技术的不断更新和进步，生物安全风险也更具复杂性，生物安全风险防控也需要具有整体性、系统性的法律体系支撑。生物安全法的一项重要亮点在于体现了我国对生物安全的整体性规制理念。在此理念指引下，未来生物安全的整体性法律规制要结合现实需求对法律体系进行动态性完善和更新，进而实现新时期背景下生物安全法律体系对总体国家安全观的有效贯彻和推进。　　法律体系结构将更具紧密性与协调性。生物安全法实施以后，我国生物安全法律体系要形成以生物安全法为中心，相关生物安全风险防控立法为重要组成部分的法律体系结构。在该体系结构下，我国生物安全风险法律规制的理念与目标进一步统一，将促进该体系内部相关法律规范的整合与衔接。同时，生物安全法律规制具有范围广泛、法律关系复杂等特征，生物安全法律体系的发展也应注重该体系在外部与其他法律规范、体系的协调配合，从而实现生物安全法律体系在解决生物安全风险问题时的整体性价值。　　法律体系中主体关系更为多元。生物安全法一方面明确了国家在进行生物安全风险防控时的主导性地位，反映出生物安全与国家安全的密切联系；另一方面，该法也分别明确了专家委员会、基层群众性自治组织、社会组织、科研机构、新闻媒体等社会主体在生物安全风险防控工作的积极作用，体现出生物安全风险防控的主体多样性。由于生物安全风险防控涉及科学技术问题，未来生物安全法的实施应当注重协调各主体参与生物安全风险防控的权责关系，既需要专业机构、专家学者为其决策的制定和实施提供专业性意见，也需要全民共同参与以增强政府风险决策的正当性和可接受性，以发挥各主体生物安全风险防控的优势。　　（作者为武汉大学环境法研究所所长、教授）
2021年4月12日,13,生态,清理河道 扮靓家园,http://paper.people.com.cn/rmrb/html/2021-04/12/nw.D110000renmrb_20210412_3-13.htm,近日，浙江省湖州市长兴县和平镇新港村相关工作人员正在清理河道。　　近年来，当地严格落实河长制，对辖区河道、水源地等分区块进行漂浮物打捞、岸边杂物清理等，优化河道水质与水环境，做好河道长效管理，扮靓美丽家园。　　陆一平摄（影像中国）
2021年4月13日,14,生态,力争今年底全面建立林长制责任体系,http://paper.people.com.cn/rmrb/html/2021-04/13/nw.D110000renmrb_20210413_1-14.htm,本报北京4月12日电??（记者寇江泽、李晓晴）记者从国家林草局日前召开的全面推行林长制工作视频会议上获悉：各地积极推动林长制各项工作落实。目前，安徽、江西、山东、重庆、海南、山西、贵州、福建、新疆、北京等10个省份已在全域推行林长制，其中有9个省份由党委、政府主要负责同志双“挂帅”担任总林长，其他省份也正在抓紧推动相关工作，争取到今年底全面建立省、市、县、乡、村等各级林长体系。　　为扎实有效地推动工作开展，国家林草局成立了林长制工作领导小组及办公室，印发《国家林草局贯彻落实〈关于全面推行林长制的意见〉实施方案》，进一步细化对省级总林长的考核内容，包括森林覆盖率、森林蓄积量、草原综合植被盖度、湿地保护率、可治理沙化土地面积等主要指标，以及生态保护修复、支持保障政策等主要任务。国家林草局将根据各地资源禀赋的不同，把各项指标和任务分解下去，按年度和任期实施考核。　　国家林草局有关负责人表示，各地要加强组织领导，加快建立林长制工作机构，抓紧研究起草工作方案，提出年度工作任务和重大事项，争取在今年年底前全面建立林长制责任体系。已经推行林长制的地区，要在总结提升、规范完善上下功夫。要加强督查考核，建立差异化、动态化、科学化考评体系，不搞“一刀切”。同时，要充分发挥协调沟通作用，统筹各部门和社会各方面的力量，聚焦林草资源保护管理的重点难点问题，逐项推动解决。要强化科技支撑，建立完善林草资源一张图，建设林长制智慧信息系统和工作平台。要加强基层基础建设，推行网格化、精细化管理，抓好对基层管护人员的培训，提升基层林长履职能力。要引导社会广泛参与，加大科普宣传力度，认真总结各地好经验好做法，在推深做实上下功夫。
2021年4月13日,14,生态,保护多样物种 建设多彩家园（共建万物和谐的美丽家园）,http://paper.people.com.cn/rmrb/html/2021-04/13/nw.D110000renmrb_20210413_2-14.htm,编者按：人与自然是命运共同体。作为世界上生物多样性最丰富的国家之一，近年来，我国推进生物多样性治理，探索人与自然和谐共生之路，并取得了显著成效。习近平总书记强调，我们要同心协力，抓紧行动，在发展中保护，在保护中发展，共建万物和谐的美丽家园。即日起，本版推出“共建万物和谐的美丽家园”栏目，关注我国各地各部门在生物多样性保护方面的探索与实践。　　　　盈江掌突蟾、大叶可爱花……这两年，云南几乎每隔一两周，就会有新物种被发现。另一组数据或许更有说服力：在高黎贡山，10多年来发现新物种100多个；在中科院昆明植物研究所研究员王立松的标本室里，还有上千份新地衣物种等待鉴定。　　地处中国西南、属青藏高原南延部分的云南，作为全球生物多样性热点地区之一，拥有除海洋、沙漠外的所有生态系统类型。这里有脊椎动物2242种，占全国的51.4%；已知高等植物19333种，占全国的50.1%。如此多样的物种，应该如何保护？当地进行了哪些有益探索？　　保存野生生物种质资源，抢救珍稀物种　　“得天独厚！”中科院昆明植物研究所种子采集员张挺认为，云南接连发现新物种并非偶然：山河相间的地形，使得物种相对更容易出现分化，云南生物多样性也因此特别丰富；另一方面，低纬度高原让云南既有热带雨林，也有高山流石滩，季雨林里犀鸟滑翔，滇金丝猴则在冷杉林间游荡。　　如此多样的物种，该如何保护？张挺和他的团队一年有大概1/3的时间都在野外，为中国野生生物种质资源库累计采集保存种子10601种、85046份，给大量的中国种子植物做了备份。张挺这样形容自己的工作：“这既是为野外植物买了份‘保险’，也相当于把种子存进了‘银行’。一旦需要，这些种子可以回归野外，这也让物种保护多了一重保障。”　　除了对种质资源的采集保存，在云南，像滇金丝猴、黑颈鹤这类既珍稀又受到公众广泛关注的物种更是备受呵护。　　近日，国内不足600只且仅分布于云南的极度濒危物种绿孔雀的保护工作传来好消息：各主要分布区绿孔雀育雏活动正常，部分区域种群分布范围扩展明显。中科院昆明动物研究所研究员杨晓君团队对云南省双柏县恐龙河州级自然保护区绿孔雀种群的监测显示，随着近年来巡护力度增强、周围群众干扰减少，该保护区及其周边区域绿孔雀的种群数量从2015年的52只增加到近百只。随着去年绿孔雀人工繁育和野化放归项目的启动，绿孔雀种群恢复有了更大希望。　　不仅是绿孔雀，被抢救回来的物种还有很多：滇金丝猴从2000年的1400多只增长到3000多只，在云南越冬的黑颈鹤从1996年的1600多只增长到3000多只，最初发现时仅4株的漾濞槭如今已有几千株回归野外……　　建立自然保护地，恢复珍稀物种栖息空间　　“中甸叶须鱼的活动状况，在这里可以看得一清二楚。”普达措国家公园碧塔海属都湖片区管护局党委书记李秋平指着水下实时监测屏幕告诉记者，从碧塔海省级自然保护区扩展为普达措国家公园，面积从141平方公里扩大到了602平方公里，普达措国家公园的试点建设，不仅带动了周围社区居民收入的提高，也让中甸叶须鱼、黑颈鹤等珍稀动植物种的栖息地得到恢复。　　近日一个清晨，天还没亮，高黎贡山国家级自然保护区保山管护局隆阳分局最资深的护林员蔡芝洪就赶到高黎贡白眉长臂猿的夜栖地，开始了从日出到日落的保护和观测。瞄一眼就能看出野生动物行走的通道，看蹄印的深浅、大小等就能说出物种和体量，摸着地面的余温就知道赤麂或野猪何时离开了睡巢，守护高黎贡山20多年，蔡芝洪从“小蔡”变成了“蔡叔”。　　追踪的是高黎贡白眉长臂猿的足迹，但蔡芝洪保护的其实是整片森林。“道理很简单，每一个物种都依赖于整个生态系统，要想保护好高黎贡白眉长臂猿，就要保护好它生活的树林。”蔡芝洪说。1996年开始，高黎贡山国家级自然保护区和小黑山省级自然保护区建成了4847.9公顷生物走廊带，高黎贡白眉长臂猿等物种栖息地质量明显改善，实现了种群数量的恢复性增长。　　摊开云南省地图，如今，接近1/7的国土面积属于自然保护地。据统计，目前云南已批建自然保护地362处，全省90%的重要生态系统和超过90%的国家重点保护植物、约80%的国家重点保护动物被列为主要保护对象，并在自然保护地得到有效保护。在保护地外，针对云南蓝果树、西畴青冈、华盖木、弥勒苣苔等极小种群野生植物，云南省创设30个保护小区（点）专门保护，完善了就地保护体系。　　探索相关制度，完善保护体系　　近年来，云南省持续完善生物多样性保护相关的各种制度。　　2004年，云南提出“极小种群”保护倡议。2010年3月，《云南省极小种群物种拯救保护规划纲要（2010―2020）》出台，112个极小种群物种得到拯救保护。据统计，“十三五”以来，云南省实施极小种群野生植物拯救保护项目120多个，建成了30个保护小区（点）、13个近地和迁地基地（园）、5个物种回归实验基地，巧家五针松、华盖木等多种极度濒危植物得到有效保护和恢复。2017年，云南省出版省级物种红色名录《云南省生物物种红色名录》，填补了中国大型真菌和地衣红色名录的空白，为针对性加强生物多样性保护和管理提供了重要科学依据。2019年，云南颁布实施生物多样性保护地方性法规《云南省生物多样性保护条例》，从法律层面系统保护生物多样性。　　也有专家表示，合理、可持续的利用，也是对生物多样性的另一种保护。比如，开展科普体验等。“在实验区及保护区外围开展适度的科普体验既能增加本地群众收入，提高群众保护生物多样性的自觉性，也有助于让更多普通公众关注生物多样性保护。”云南省铜壁关省级自然保护区管护局盈江管护分局副局长左常盛表示，只有坚持保护优先，才能实现物种保护和群众增收的双赢。
2021年4月13日,14,生态,第二轮第三批中央生态环保督察组全部进驻,http://paper.people.com.cn/rmrb/html/2021-04/13/nw.D110000renmrb_20210413_3-14.htm,本报北京4月12日电??（记者孙秀艳、寇江泽）记者从生态环境部获悉：日前，第二轮第三批8个中央生态环境保护督察组实现对山西、辽宁、安徽、江西、河南、湖南、广西、云南8省（区）督察进驻。　　在进驻动员会上，各督察组组长指出，中央生态环境保护督察是推动高质量发展的重大制度安排，这一批督察是“十四五”开局之年的首批督察，要立足新发展阶段，贯彻新发展理念，构建新发展格局，推动高质量发展，始终服务国家发展大局，坚持系统观念，坚持问题导向，坚持精准、科学、依法，统筹把握好督察方向和重点。　　8省（区）党委主要负责同志均作了动员讲话，强调要全力做好督察配合工作。坚决按照生态环境保护督察进驻工作安排，做好情况介绍、资料提供、协调保障、督察整改、信息公开等各项工作，确保督察工作顺利推进，取得实实在在的效果。　　根据安排，第二轮第三批中央生态环境保护督察进驻时间约为1个月。进驻期间，各督察组分别设立专门值班电话和邮政信箱，受理被督察对象生态环境保护方面的来信来电举报，受理举报电话时间为每天8：00―20：00。各督察组表示，督察组全体成员将严格执行《中央生态环境保护督察纪律规定》，接受被督察地方和社会监督。在后续工作中，将严格落实中央有关要求，进一步为基层减负，简化程序、优化流程，不断提高督察工作的精准性、针对性，确保有序有效完成督察任务。
2021年4月13日,14,生态,我国国家森林城市已达194个,http://paper.people.com.cn/rmrb/html/2021-04/13/nw.D110000renmrb_20210413_4-14.htm,本报北京4月12日电??（记者尹晓宇）近日，由国家林业和草原局等部门主办的第二届国际森林城市大会在江苏省南京市开幕，大会主题为“森林城市与城市生活”。　　国家林业和草原局局长关志鸥在会上表示，目前中国已有194个城市成为国家森林城市，17个省份开展了森林城市群建设。全国城市建成区绿化覆盖率由10.1%提高到41.1%，人居环境不断改善。
2021年4月13日,14,生态,生态美 人气旺 产业兴,http://paper.people.com.cn/rmrb/html/2021-04/13/nw.D110000renmrb_20210413_5-14.htm,银塘暂歇，软泥留印，蒲苇藏身……这个时节，在陕西西安哄鄙态区邂逅悠闲觅食的鸟儿，已变得再寻常不过。　　近年来，哄鄙态区坚持人与自然和谐共生，走出了一条生态美、产业兴的可持续发展道路，一座生态“高颜值”、发展“有朝气”的产业新城正在逐步建成。　　从生态立区到生态惠民　　“哄毕衷诿赖煤埽⌒〗南风光，别人都羡慕！”对土生土长的当地人赵香香来说，每天到汉印㈠焙雍优仙⑸⒉剑已经成为她的生活习惯之一。　　回忆起当年的灞河，赵香香皱了皱眉头，摆着手说，“那时候河边草长得有一人多高，进城连条像样的路都没有，走路加坐车得花大半天时间！”　　近年来，截污、围湖、修堤、增绿，各项生态修复工程持续向前推进。如今，沿着灞河河堤散步，但见碧波荡漾、绿荫成片。　　在河流治理过程中，哄鼻捎蒙晨印⒁水造湖开辟生态公园，点点水面如散落的珍珠般点缀在汉印㈠焙友匕叮痪勐＝ㄖ垃圾，覆土为山制造水中小岛，描绘出一片湖光山色的画境。同时，采取顺势而为的方式治河兴水，将西安的东部变成“绿宝盆”，重现了哄泵谰埃建起一座人与自然和谐共生的现代化生态新城。　　如今，哄背陨狭松态饭，不仅有产业支撑，还有培训做助力，大量一线工作岗位，让大伙干劲十足；交通、教育、医疗等生活基础配套设施不断健全，优质的公共配套服务，又引来更多年轻人在此扎根奋斗。　　建机制才能管长远。“十三五”时期，西安哄鄙态区固定资产投资超过2000亿元，探索城市化的新路径，生态保护与绿色发展齐头并进，逐渐实现了从“生态立区”到“生态发展”，再到“生态惠民”的绿色跨越。　　从生态留白到山水画卷　　无人机飞过彩虹桥，短视频博主小姜又来采集新的素材了，“我的第一条走红视频就是在这儿拍的，算是梦开始的地方！”对他来说，分享哄泵谰埃既有趣又有意义。　　在他的镜头下，写生的学生相互切磋交流，慢跑者轻快前进，这里的美景早已融入百姓生活。　　为何哄比似旺？“我想象的美好，在这里都能找到。”正如定居于此的张志兰所言，不同人能找寻到不同的快乐。　　此番景象，得益于“生态留白”。17年前立区之初，西安哄鄙态区就像一张白纸，如何“作画”？哄钡乃悸肥墙“留白”作为基调贯穿始终，在城市建设中留有回旋空间。　　西安哄鄙态区在建设初期就做好战略引导，避免盲目招商，严格遵守生态区的相关产业发展规划。2011年，世界园艺博览会在西安哄鄙态区绽放世界园林园艺之美，100多个国内外城市和机构纷纷参展，上千万国内外游客见证了西安的文化魅力和哄钡纳态崛起。　　自此，秉持“留白”的发展理念，当地建成西安世博园、西安哄惫家湿地公园等六大生态公园，区内水域面积达1200公顷，绿化面积1000万平方米；建成西安城区面积最大的湿地景观区和生态带，形成连接秦岭与渭河、贯穿西安东部的重要生态廊道；按照建设“生态公园+世界级演艺”文旅平台的思路，倾力打造西安宋城演艺等文旅品牌，探索出一条具有哄碧厣的生态产业之路……　　登上西安世博园里的长安塔，极目四望，灞河如玉带一般闪着粼粼波光。两岸满目青翠、水木相映，如同一个会呼吸的生态大公园。“留白”为城市建设留出了辽阔的天际线，也成就了一幅“流动山水画卷”。　　从水岸景观到水岸经济　　“留白”不是停滞，能否把握好“留白”的分寸，考验着把握经济发展与生态保护辩证关系的智慧。　　在取舍之间，西安哄鄙态区闯出了一片产业发展新天地，实现了“水岸景观”向“水岸经济”的转化升级，形成了集颜值与产值于一身的水岸经济带。　　西安哄鄙态区是欧亚经济论坛永久会址所在地，欧亚经济论坛每两年在这里举办一届，已成为欧亚各国深化合作交流的重要平台。2020年3月底，西安国际会展中心正式建成投用，这个充满现代、时尚特色的建筑，不仅成为西部会展经济发展的重要引擎，也是西安的城市新地标；与此同时，当地的生态环境优势，吸引了10余家高品质酒店，在汉印㈠焙友匕缎纬筛咂分时鹾泳频耆骸…如今，“会展+”已成为西安哄鄙态区的金字招牌。　　生态含绿，就是发展含金。在西安哄鄙态区，多年厚积的生态基础正逐步转化为经济动能，产业低碳化、融合化、集聚化效应已逐渐显现，发展后劲十足。
2021年4月13日,14,生态,北方地区将有大风降温天气,http://paper.people.com.cn/rmrb/html/2021-04/13/nw.D110000renmrb_20210413_6-14.htm,本报北京4月12日电??（记者刘毅）中央气象台预计，最近几天南方地区有明显降雨过程，北方地区有大风降温天气，中央气象台12日18时继续发布大风降温预报。　　中央气象台发布的大风降温预报显示，12日20时至14日8时，受冷空气影响，西北地区东部、内蒙古中部、东北地区、华北、黄淮大部、江淮东部等地，普遍有4―8摄氏度降温，局地降温可达10摄氏度以上。西北地区东北部、内蒙古中部、东北地区、华北大部、黄淮等地部分地区，有4―6级偏北风，阵风达7―9级。
2021年4月14日,14,生态,清清漓江水 悠悠绕青山（美丽中国）,http://paper.people.com.cn/rmrb/html/2021-04/14/nw.D110000renmrb_20210414_1-14.htm,核心阅读　　桂林山水甲天下。但污水直排、开山采石等，也一度给桂林带来了水质恶化、村庄脏乱等环境问题。近年来，当地下定决心，采取措施，护好山水的同时，全方位推进环境治理，大力保护漓江流域生态环境。　　　　江作青罗带，山如碧玉簪。来到广西桂林，看着眼前的漓江，很难不被这美景震撼。　　可是，谁能想到，漓江曾经也出现过一系列环境问题：水质恶化，部分水源地富营养化；山体受损，喀斯特地貌上采石场遍地；环境脏乱，极大影响沿岸村容村貌……　　近年来，桂林下定决心，采取措施，加大力度治理山水，科学、系统地保护漓江流域生态环境。　　“湖水变清了，又回到了小时候的模样”　　从桂林市区溯漓江而上，来到灵川县青狮潭水库。这是漓江最重要的水源地之一。“湖水变清了，又回到了小时候的模样！”家住库区公平乡五美村委会梅子自然村的苏喜冬说。　　2000年起，成片的网箱开始出现在库区水面，到2013年，面积已达31.4万平方米。在网箱中养鱼，392户养殖户每天要向水库投放近100吨饲料。　　浮上汽油桶，撒上网，苏喜冬也曾经加入过养鱼队伍。但渐渐地，他发现青狮潭变了颜色――水开始发黄，还泛着油光，“那时候水脏得很，我下水都不敢打赤脚。”　　2014年初，青狮潭水库全面取缔网箱养鱼。上岸后，苏喜冬又搞起了养殖。可是转行没成功，因为青狮潭又变颜色了。一家又一家的养殖场，有的建在水库边，有的建在水库中的岛上，黑乎乎的污水顺着排水沟直流入水库。“气味刺鼻，开车路过水库，首先要紧闭门窗。”苏喜冬说。　　2019年起，青狮潭水库库区周边乡镇拆除库区沿岸500米范围内的322家养殖场，向转产养殖场发放5500多万元奖补资金，鼓励村民发展现代高效特色农业。今年，苏喜冬种的2万棒香菇、2亩黑皮鸡枞菌能进账10万元，5月再种一批秀珍菇，还会多挣3万元。青狮潭水库库区管理站副站长徐辉说：“不仅村民富了，青狮潭水库的水质也变好了。”　　2015年以来，桂林投入62亿元，重点实施了饮用水水源地保护、城市黑臭水体整治等一系列工程，对青狮潭水库、漓江干流城市段、桃花江等水域的网箱养鱼进行了清理整治，拆除了漓江流域沿岸1120家畜禽养殖场，建成区黑臭水体基本消除。目前，漓江干流国考断面水质常年达到国家地表水Ⅱ类水质标准，在生态环境部公布的2020年度全国地级及以上城市国家地表水考核断面水环境质量状况排名中，桂林排名全国第二。　　“矿山复绿，期待今后的一片绿荫”　　离漓江不远处，有一座废弃矿山，地处桂林喀斯特世界自然遗产地，盛产方解石，开采出来的石头是做牙膏等的材料。　　雁山区大埠乡黎家村委暗泊宓纳态管护员毛春发说，7年前，他就是这座矿山的矿工，钻山、耙矿、运输，日复一日，原本很缓的山坡，硬生生被掏出了一面绝壁。矿区大面积山石裸露，植物无法生长，水土流失严重。　　当地很快关停了矿山，相关的生态修复工程也开始实施。为最大限度地保证喀斯特景观的原真性，当地投资200万元，采用堆叠植生袋和覆土种植的方法进行修复。适应性高、生长快、维护少的栾树、葛藤、类芦、芭芒等乡土植物被广泛种植，茂盛的植物遮挡住了创伤面，也引来不少野生动物繁衍生息。　　近年来，桂林持续实施了桂林喀斯特世界自然遗产地（风景区）生态景观修复工程，完成了一期、二期工程共10个点位11万平方米的生态修复；三期工程计划投资2000万元，对8个点位进行系统生态修复，预计今年5月完成。如今，漓江风景名胜区18家采石场已全部关停，复绿山体136万平方米，整治毁林垦荒点189处。　　“矿山复绿，期待今后的一片绿荫。”毛春发说。　　“完成580个农村环境整治项目，146万余人受益”　　“我办民宿这些年，亲眼见证了村里环境的改善。”在位于阳朔县兴坪镇的大河背村，“水墨居”民宿经营者段友良说。以前，大河背村污水管道破损，污水直排漓江；人工浆砌石护堤常年被江水冲刷，破损严重；地上“拉链路”、线路“蜘蛛网”，各种违法搭建与漓江的风景格格不入，“村子三面环水，照理说可以发展旅游业，但脏乱差的村容村貌完全无法吸引游客。”段友良说。　　2019年底，大河背村开展生态景观修复工程，先进的污水处理设施、城市化标准的配网改造、自然的青石板步道等改变了村子的面貌。2011年以来，桂林在保护好生态的基础上全方位推进环境治理，风貌改造、改厨改厕、园林绿化等工程不断推进。　　“桂林完成580个农村环境整治项目，146万余人受益。”桂林市生态环境局土壤环境管理科科长王雄说。另外，漓江沿岸共拆除6.8万余平方米各类违法搭建，漓江城市段161艘住家船全部迁移上岸，清理拆解80余艘弃置船舶和餐饮船舶以及570余张没有筏工证的竹筏。　　以大河背村为例，2019年，全村旅游接待人数为14万人次，环境整治后的2020年，接待游客上涨到32万人次。“山水甲天下，桂林实至名归。”段友良笑道。
2021年4月14日,14,生态,全面贯彻生物安全法，筑牢国家生物安全防线,http://paper.people.com.cn/rmrb/html/2021-04/14/nw.D110000renmrb_20210414_2-14.htm,《中华人民共和国生物安全法》将于2021年4月15日起正式施行。这是我国国家安全治理体系和治理能力现代化进程中的一件大事。当前，生物安全重要性和紧迫性显著上升，全面贯彻生物安全法，对于筑牢国家生物安全防线具有重要意义。　　一、生物安全越发具有全球属性，是攸关国家安全的重要领域　　生物安全属于非传统安全，包括新发突发传染病、新型生物技术误用和谬用、实验室生物安全、国家重要遗传资源和基因数据流失、生物武器与生物恐怖主义威胁等。当前，在联合国、世卫组织等框架下，围绕生物安全相关国际规则的讨论更加热烈，全球生物安全治理进入新的变革期。美、俄、英等一些国家正在结合重大传染病疫情暴露出的问题，酝酿、完善原本已有的生物安全战略或法律，并已把生物安全列入攸关国家安全的重要发展领域。　　二、贯彻总体国家安全观，着眼当代生物安全观　　习近平总书记统揽大局，以战略的高度和前瞻的视野审视国家生物安全，将我国生物安全放在国际生物安全严峻形势和发展趋势的大背景下来考察，极大地丰富和发展了生物安全的内涵和外延，形成了适应我国经济社会发展和国际生物安全主流趋势、具有鲜明中国特色的“生物安全观”。国家生物安全防线中，口岸是第一道防线，其任务是遏制输入性生物威胁，保障本土生物安全，防范生物武器及相关生物危害；第二道防线是区域防御，需改变行政边境概念，应围绕人、动物、植物及微生物等生命形态生存的生态域，开展生物危害的主动应对。　　三、生物技术两用性凸显，需依法加强伦理、过程管理和风险管控　　基因编辑、合成生物学、人工智能等现代技术不断融合发展，生物技术误用、谬用导致出现灾难性后果已成为可能。国家应加强对生物技术研究、开发与应用活动的安全管理，强化过程管理，按照风险等级实行分类管理；同时开展伦理审查、跟踪评估，严防滥用与谬用。　　四、切实加强病原微生物实验室生物安全　　病原微生物实验室生物安全不仅事关实验室人员的健康安全，且事关社会、公众和环境安全。我国实验室生物安全工作虽然起步晚，但建立了以风险评估量化为基础的实验室生物安全分级管理体系，为确保我国无重大实验室感染事件提供强有力保障。新冠肺炎疫情后，生物经济呈现爆发性增长，亟须完善顶层设计，并从制度上规范和加强病原微生物实验室生物管理，保障生物安全实验室规范运转。　　五、加强生物安全风险研判，筑牢国家生物安全防线　　当前，全球生物安全风险增加、传统生物安全问题和新型生物威胁交织、风险复杂多样。我国生物安全总体态势相对稳定，但全球新冠肺炎疫情仍在持续蔓延，面临着境外病例输入及局部暴发风险，其他传染病输入和流行风险长期并存。全球范围内人、动物新发传染病呈现存量多、增速快、传播广、危害重等趋势，一直是人类和动物健康的重大威胁，也是国家生物安全首要威胁。因此，需及时跟踪研判，强化部门间统筹协调，形成属地处置、垂直管理、上下联动、部门协同的生物安全管理体系，筑牢国家生物安全防线。　　六、密切关注生物恐怖与生物武器威胁，切实加强防范　　当前，国际生物反恐怖斗争形势日趋严峻复杂。生物科技快速发展使生物武器研发更为隐蔽、危险和多样。当前各种类别的烈性菌株毒株来源渠道广泛，新冠肺炎疫情仍在肆虐，从事病原体操作人员和单位众多，灭活和减毒疫苗生产车间风险点复杂多样，难以监管控制，将在农业、生态、卫生健康等领域对我国生物安全构成威胁，需要密切关注，加强防范。　　七、依靠科技创新与人才队伍建设，增强生物安全保障能力　　生物安全具有多学科、多领域交叉特点，需优化科技创新模式，通过政府引导投资、企业融合等方式加大投入，开展前瞻性研究。同时，推进公共卫生与防疫队伍建设，在生物安全防御等领域，设置生物安全风险防控治理相关学科专业。另外，构建顶层统筹、高效联动的国家生物安全保障体系，开展需求导向的任务部署和战略研究，积极推动生物安全三级和四级实验室全国布局，提高生物安全保障能力建设。　　八、积极参与生物安全国际规则的研究与制定，推动完善全球生物安全治理　　生物安全无国界。要使生物安全法全面落地并发挥实效，筑牢国家生物安全防线，必须统筹好国内国际两个大局。新冠肺炎疫情后，全球生物安全治理体系面临挑战，我国应对和防范生物安全风险能力得到了进一步提升，已经是全球生物安全领域的先行者，需依法依规，积极纳入全球生物安全治理体系的重构。当前国际生物安全形势更趋复杂严峻，需加强生物安全领域的国际合作，支持参与生物安全事件国际救援，共同提升全球生物安全治理水平。　　总之，生物安全法实施标志着我国生物安全工作进入新阶段、迈上新台阶。我们既要做好自己的事情，又要积极开展国际合作，推动实现生物领域的共同安全、普遍安全。这是生物安全立法的初心，即“维护国家安全，防范和应对生物安全风险，保障人民生命健康，保护生物资源和生态环境，促进生物技术健康发展，推动构建人类命运共同体，实现人与自然和谐共生”。　　（作者为中国疾控中心生物安全首席科学家）
2021年4月14日,14,生态,“保护一江碧水，是责任也是使命”,http://paper.people.com.cn/rmrb/html/2021-04/14/nw.D110000renmrb_20210414_3-14.htm,说起长江大保护，人人皆知，而生态环境公益诉讼，才刚刚起步。实际上，从只能由环境污染的受害人对污染者提起诉讼，到可以由人民检察院向人民法院提起生态环境民事、行政公益诉讼，对环境违法者的震慑力和惩治力度大大提升。　　湖北省人民检察院三级高级检察官王朝阳，在工作中全力推进长江流域生态保护等公益诉讼专项行动，办理的多个案件被最高法、最高检评为指导性、典型案例。　　今年1月，年仅50岁的王朝阳因心脏病突发去世。日前，最高人民检察院第八检察厅作出决定，号召全国检察机关公益诉讼部门向王朝阳同志学习。　　扎实调研，发现漏洞　　如何为长江大保护贡献一份力？作为检察官，王朝阳从专业的角度出发，促进环境保护。　　2019年，为调查宜昌船舶污染问题，王朝阳三赴宜昌，一次次登上污染物转运船，将污水转运记录和码头、污水处理厂的接收记录进行仔细比对。　　发现漏洞后，宜昌市政府投入2550万元，建成5个船舶污染物转运专用码头，实现从槽罐车运输污水到污水进管网的转变。王朝阳还向湖北省人民检察院建言，开展“长江流域生态保护公益诉讼专项行动”。专项行动为期一年半，湖北省各级检察院共督促治理长江流域污染水域8.78万亩，清理河道244.3公里，恢复林地3384.3亩。　　敏锐监督，促进保护　　“汉江被人为投放了大量捕鱼地笼网！”一天深夜，接到线索后，王朝阳马上将其交办至老河口市人民检察院。第二天，老河口市人民检察院检察官何晓伟到达汉江王甫洲段，江堤上，不少渔民正在销售用地笼网捕捞的幼鱼虾苗。　　老河口市人民检察院向该市农业农村局发出检察建议书后，该局加强了监督执法力度，但经多次调查，涉案水域仍有大量地笼网。在王朝阳的推动下，去年7月，老河口市人民检察院对老河口市农业农村局提起了督促全面履行监管职责的行政公益诉讼。　　“起诉不是目的，目的是促进相关行政单位共抓生态环境保护。”王朝阳说，“保护一江碧水，是责任也是使命。”2017年7月以来，湖北省检察机关在生态环境保护领域立案公益诉讼案件7455件，起诉528件。　　创新方法，提高效率　　王朝阳生前常说：“公益诉讼检察重在防患于未然，总是坐在办公室等案子找上门，那就太迟了。”于是他主导研发了湖北省公益诉讼智能辅助办案系统，帮助基层检察官寻找案源、筛查线索。　　仙桃市人民检察院第七检察部检察官黄桂林说：“在这个办案系统中，点开线索，能够显示相关的法律法规，还能看到其他地方发生的类似典型案件，不仅拓宽了案源，而且极大提高了办案效率。”　　王朝阳主导研发的这个智能辅助办案系统通过大数据抓取新闻，自动推送线索，实时接入办案现场勘查数据，实现在线指挥调度……上线一个月，就收集案源27万余条，自动推荐线索1200余条，受理线索116条、立案81件。　　去世前两个月，王朝阳到最高检第八检察厅演示办案系统的功能，在现场的最高检第八检察厅主办检察官邱景辉很受触动：“只有精通公益诉讼检察业务、真正理解办案的现实需求，才能设计出这样智慧的办案系统。”
2021年4月15日,15,生态,一起努力 守护国家生态安全,http://paper.people.com.cn/rmrb/html/2021-04/15/nw.D110000renmrb_20210415_1-15.htm,核心阅读　　生态安全是指一个国家赖以生存和发展的生态环境处于不受或少受破坏和威胁的状态，以及应对内外重大生态问题保障这一持续状态的能力。生态安全是国家安全的重要组成部分，是经济社会持续健康发展的重要保障，是人类生存发展的基本条件。　　今年4月15日，是第六个全民国家安全教育日，《中华人民共和国生物安全法》也于今年4月15日起施行。国家安全机关公布相关典型案例，提醒公众：维护国家生态安全，人人有责。　　　　2020年4月20日，四川省峨边彝族自治县群众杨某向国家安全机关举报称，某国家级自然保护区内有可疑的外国人活动。国家安全机关迅速联合行业主管部门开展核查处置。　　经查，外籍人员奥某某与中国籍同伴吴某某受境外机构指使，从2011年起先后数十次赴我国多个自然保护区，非法采集上千种野生植物物种标本和种子样本，向境外售卖数千次，获利数十万元。经有关专家鉴定，奥某某采集的多种植物，属于国家二级重点保护植物。2020年4月21日，有关部门在某自然保护区将奥某某等两人当场抓获。　　采集植物标本寄送出境，严重危害非传统国家安全　　国家安全机关有关负责人介绍，盗采者通过社交媒体联系境外买家，按照对方需求，从2013年开始，前后数十次赴我国四川、云南等地的24个自然保护区和风景名胜区，非法挖掘采集500多种野生植物的根茎、种子，以非法渠道运往境外近2000次，交易流水近百万元，获利数十万元。盗采者既采集植物活体标本、根茎，还搜集植物种子，基本上是能采尽采。为了逃避检查，掩盖违法行为，他们向非法快递中介付费，以虚设公司或组织的名义，由非法快递中介寄送植株或种子包裹，逃避海关监管。　　据了解，购买者由境外知名大学、植物协会、学术研究机构等组织和大量境外人员组成，其高度关注我境内稀有的野生植物，指使在华境外人员盗采售卖，可能用于研究我国生物物种、生态系统多样性等，给我国非传统国家安全带来了严重威胁。　　传统国家安全主要包括政治安全和军事安全。而非传统安全，通常是指除政治安全和军事安全以外的其他安全，与人民群众的生命财产安全和社会生活安宁密切相关。当前，以能源安全、网络安全为代表的非传统安全问题正日益引发世界各国和人民的广泛关注。　　生态安全是指一个国家赖以生存和发展的生态环境处于不受或少受破坏和威胁的状态，以及应对内外重大生态问题保障这一持续状态的能力。生态安全是国家安全的重要组成部分，是经济社会持续健康发展的重要保障，是人类生存发展的基本条件。举报人杨某的极高警惕性和举报行为，有效维护了国家生态安全。　　搜集、制作昆虫标本邮寄售往国外，被国家安全机关查获　　《中华人民共和国自然保护区条例》第31条规定：“外国人进入自然保护区，应当事先向自然保护区管理机构提交活动计划，并经自然保护区管理机构批准；其中，进入国家级自然保护区的，应当经省、自治区、直辖市环境保护、海洋、渔业等有关自然保护区行政主管部门按照各自职责批准。进入自然保护区的外国人，应当遵守有关自然保护区的法律、法规和规定，未经批准，不得在自然保护区内从事采集标本等活动。”　　在确凿证据前，奥某某对盗采我国野生植物的行为供认不讳，相关部门依法对其作出处理。　　据了解，奥某某与吴某某的行为并非孤例，非法搜集我国野生动植物资源的案例时有发生。云南省国家安全机关曾侦查发现一起案件：云南籍人员李某从云南省内多地向某国邮寄大量昆虫标本，情况较为可疑。李某和未婚妻又一次向国外邮寄标本时，被国家安全机关当场截获。经现场搜查，发现其邮寄飞蛾、蝴蝶等昆虫标本4500份。经审查，国家安全机关掌握了两人受利益驱使搜集、制作、邮寄各类昆虫标本7万余件，获利人民币数十万元的完整过程。　　原来，外国人甲某以旅游的名义到云南昆明、大理等地对生物资源进行考察，其间在某酒店住宿时认识了酒店服务员李某，甲某请李某带其到昆明的花鸟市场购买了很多飞蛾工艺品。交流中，甲某表示，若李某能帮其搜集云南当地特色“工艺品”，将支付丰厚的报酬。　　在高额报酬诱惑下，李某答应了甲某的要求。同年冬季，甲某邀请李某前往国外见面，在国外对李某进行了捕捉昆虫的相关培训，并给予其专业器材及活动经费。就此，李某辞去了在酒店的工作，开始专职为甲某搜集昆虫标本。为满足大量捕捉需要，他在云南各地考察后，确定了3个捕捉点，按其在国外接受甲某培训时的要求，购买了相关设备捕捉昆虫。　　同时，李某还对其未婚妻及未婚妻在云南多地的亲戚进行培训，并组织这些人一同进行大规模的昆虫捕捉，仅一年时间，便捕捉、制作昆虫标本7万余件。　　李某的行为被发现后，有关单位依据相关法规对其进行了处理。据专案组分析，甲某公开身份为某国医学、生物学领域研究人员，其指挥李某搜集、邮寄我国昆虫标本的目的，是用于研究云南省生态环境，进行医学研究，并以标本牟利。该行为可能导致我国特有生物资源流失海外，成为境外人员研究我国生物、生态环境的样本，对我国生物科学等方面研究造成被动，影响和危害我国生物安全。　　根据云南省国家安全机关掌握的情况，曾有大量境外人员在不同季节前往云南进行昆虫捕捉活动；同时还以经济利益为诱饵，收买我国内人员为其捕捉昆虫并制作标本。经相关部门长期、大量、细致的国家安全宣传教育工作，此种情况已经逐年减少。　　加强生态安全宣传教育，凝聚维护国家安全强大合力　　坚持全国一盘棋，调动各方面积极性，集中力量办大事，是中国特色社会主义制度的显著优势之一，也是维护国家安全的重要基础。国家安全风险来自各个方面，化解风险要充分调动各方面积极性，打造人人有责、人人尽责的工作新局面。当前，尤其要在全社会加强国家安全宣传教育，教育引导广大人民群众增强国家安全意识，巩固国家安全人民防线。　　近年来，各地国家安全机关充分利用“4・15”全民国家安全教育日、“11・1”反间谍法颁布实施纪念日等时间节点，通过省、市、县三级国家安全人民防线组织，大力推动国家安全及反奸防谍宣传教育进机关、进企业、进学校、进乡村、进社区、进军营、进网络，让广大群众了解国家安全法等国家安全系列法律法规知识，形成社会上下齐抓共管的国家安全防范体系。　　在奥某某一案中，举报人杨某的极高警惕性就离不开当地相关部门持续开展的一系列主题宣传教育活动。　　国家安全机关有关负责人指出，要积极利用多种形式组织开展国家安全宣传教育，加快普及国家安全相关法律知识，努力形成全社会支持和配合国家安全工作的良好局面。要加强国家安全人民防线建设，提高公民维护国家安全的积极性和参与度，推动全社会形成维护国家安全的强大合力。公民和组织如发现危害国家安全行为，可以拨打12339国家安全机关举报受理电话，或登录国家安全机关互联网举报受理平台www.12339.gov.cn进行举报。
2021年4月15日,15,生态,一起努力 守护国家生态安全,http://paper.people.com.cn/rmrb/html/2021-04/15/nw.D110000renmrb_20210415_1-15.htm,核心阅读　　生态安全是指一个国家赖以生存和发展的生态环境处于不受或少受破坏和威胁的状态，以及应对内外重大生态问题保障这一持续状态的能力。生态安全是国家安全的重要组成部分，是经济社会持续健康发展的重要保障，是人类生存发展的基本条件。　　今年4月15日，是第六个全民国家安全教育日，《中华人民共和国生物安全法》也于今年4月15日起施行。国家安全机关公布相关典型案例，提醒公众：维护国家生态安全，人人有责。　　　　2020年4月20日，四川省峨边彝族自治县群众杨某向国家安全机关举报称，某国家级自然保护区内有可疑的外国人活动。国家安全机关迅速联合行业主管部门开展核查处置。　　经查，外籍人员奥某某与中国籍同伴吴某某受境外机构指使，从2011年起先后数十次赴我国多个自然保护区，非法采集上千种野生植物物种标本和种子样本，向境外售卖数千次，获利数十万元。经有关专家鉴定，奥某某采集的多种植物，属于国家二级重点保护植物。2020年4月21日，有关部门在某自然保护区将奥某某等两人当场抓获。　　采集植物标本寄送出境，严重危害非传统国家安全　　国家安全机关有关负责人介绍，盗采者通过社交媒体联系境外买家，按照对方需求，从2013年开始，前后数十次赴我国四川、云南等地的24个自然保护区和风景名胜区，非法挖掘采集500多种野生植物的根茎、种子，以非法渠道运往境外近2000次，交易流水近百万元，获利数十万元。盗采者既采集植物活体标本、根茎，还搜集植物种子，基本上是能采尽采。为了逃避检查，掩盖违法行为，他们向非法快递中介付费，以虚设公司或组织的名义，由非法快递中介寄送植株或种子包裹，逃避海关监管。　　据了解，购买者由境外知名大学、植物协会、学术研究机构等组织和大量境外人员组成，其高度关注我境内稀有的野生植物，指使在华境外人员盗采售卖，可能用于研究我国生物物种、生态系统多样性等，给我国非传统国家安全带来了严重威胁。　　传统国家安全主要包括政治安全和军事安全。而非传统安全，通常是指除政治安全和军事安全以外的其他安全，与人民群众的生命财产安全和社会生活安宁密切相关。当前，以能源安全、网络安全为代表的非传统安全问题正日益引发世界各国和人民的广泛关注。　　生态安全是指一个国家赖以生存和发展的生态环境处于不受或少受破坏和威胁的状态，以及应对内外重大生态问题保障这一持续状态的能力。生态安全是国家安全的重要组成部分，是经济社会持续健康发展的重要保障，是人类生存发展的基本条件。举报人杨某的极高警惕性和举报行为，有效维护了国家生态安全。　　搜集、制作昆虫标本邮寄售往国外，被国家安全机关查获　　《中华人民共和国自然保护区条例》第31条规定：“外国人进入自然保护区，应当事先向自然保护区管理机构提交活动计划，并经自然保护区管理机构批准；其中，进入国家级自然保护区的，应当经省、自治区、直辖市环境保护、海洋、渔业等有关自然保护区行政主管部门按照各自职责批准。进入自然保护区的外国人，应当遵守有关自然保护区的法律、法规和规定，未经批准，不得在自然保护区内从事采集标本等活动。”　　在确凿证据前，奥某某对盗采我国野生植物的行为供认不讳，相关部门依法对其作出处理。　　据了解，奥某某与吴某某的行为并非孤例，非法搜集我国野生动植物资源的案例时有发生。云南省国家安全机关曾侦查发现一起案件：云南籍人员李某从云南省内多地向某国邮寄大量昆虫标本，情况较为可疑。李某和未婚妻又一次向国外邮寄标本时，被国家安全机关当场截获。经现场搜查，发现其邮寄飞蛾、蝴蝶等昆虫标本4500份。经审查，国家安全机关掌握了两人受利益驱使搜集、制作、邮寄各类昆虫标本7万余件，获利人民币数十万元的完整过程。　　原来，外国人甲某以旅游的名义到云南昆明、大理等地对生物资源进行考察，其间在某酒店住宿时认识了酒店服务员李某，甲某请李某带其到昆明的花鸟市场购买了很多飞蛾工艺品。交流中，甲某表示，若李某能帮其搜集云南当地特色“工艺品”，将支付丰厚的报酬。　　在高额报酬诱惑下，李某答应了甲某的要求。同年冬季，甲某邀请李某前往国外见面，在国外对李某进行了捕捉昆虫的相关培训，并给予其专业器材及活动经费。就此，李某辞去了在酒店的工作，开始专职为甲某搜集昆虫标本。为满足大量捕捉需要，他在云南各地考察后，确定了3个捕捉点，按其在国外接受甲某培训时的要求，购买了相关设备捕捉昆虫。　　同时，李某还对其未婚妻及未婚妻在云南多地的亲戚进行培训，并组织这些人一同进行大规模的昆虫捕捉，仅一年时间，便捕捉、制作昆虫标本7万余件。　　李某的行为被发现后，有关单位依据相关法规对其进行了处理。据专案组分析，甲某公开身份为某国医学、生物学领域研究人员，其指挥李某搜集、邮寄我国昆虫标本的目的，是用于研究云南省生态环境，进行医学研究，并以标本牟利。该行为可能导致我国特有生物资源流失海外，成为境外人员研究我国生物、生态环境的样本，对我国生物科学等方面研究造成被动，影响和危害我国生物安全。　　根据云南省国家安全机关掌握的情况，曾有大量境外人员在不同季节前往云南进行昆虫捕捉活动；同时还以经济利益为诱饵，收买我国内人员为其捕捉昆虫并制作标本。经相关部门长期、大量、细致的国家安全宣传教育工作，此种情况已经逐年减少。　　加强生态安全宣传教育，凝聚维护国家安全强大合力　　坚持全国一盘棋，调动各方面积极性，集中力量办大事，是中国特色社会主义制度的显著优势之一，也是维护国家安全的重要基础。国家安全风险来自各个方面，化解风险要充分调动各方面积极性，打造人人有责、人人尽责的工作新局面。当前，尤其要在全社会加强国家安全宣传教育，教育引导广大人民群众增强国家安全意识，巩固国家安全人民防线。　　近年来，各地国家安全机关充分利用“4・15”全民国家安全教育日、“11・1”反间谍法颁布实施纪念日等时间节点，通过省、市、县三级国家安全人民防线组织，大力推动国家安全及反奸防谍宣传教育进机关、进企业、进学校、进乡村、进社区、进军营、进网络，让广大群众了解国家安全法等国家安全系列法律法规知识，形成社会上下齐抓共管的国家安全防范体系。　　在奥某某一案中，举报人杨某的极高警惕性就离不开当地相关部门持续开展的一系列主题宣传教育活动。　　国家安全机关有关负责人指出，要积极利用多种形式组织开展国家安全宣传教育，加快普及国家安全相关法律知识，努力形成全社会支持和配合国家安全工作的良好局面。要加强国家安全人民防线建设，提高公民维护国家安全的积极性和参与度，推动全社会形成维护国家安全的强大合力。公民和组织如发现危害国家安全行为，可以拨打12339国家安全机关举报受理电话，或登录国家安全机关互联网举报受理平台www.12339.gov.cn进行举报。
2021年4月15日,15,生态,强化长江采砂船舶源头管控,http://paper.people.com.cn/rmrb/html/2021-04/15/nw.D110000renmrb_20210415_2-15.htm,本报北京4月14日电??（记者王浩）近日，为进一步强化采砂船舶源头管控，水利部、公安部、交通运输部、工业和信息化部、市场监管总局发布了对长江河道采砂船舶和采砂行为专项治理有关事项的通知。　　据介绍，此次专项治理目标任务，是为了推动地方人民政府落实属地责任，调动各相关部门执法力量，对长江非法采砂船舶实施集中清理整治。严厉打击无证采砂或未按许可要求采砂的船舶。严查证件不齐、船证不符的采砂船舶，尤其是无船名船号、船舶证书、船籍港的“三无”采砂船舶。严禁对船舶非法改装以及建造伪装、隐藏采砂设备的采砂船舶。对查获的“三无”采砂船和“隐形”采砂船依法予以拆解。暂停沿江各地新增采砂船舶注册登记（已经批准开工建造的除外），推动采砂船舶“减存量、控增量”。依法对采砂船舶实行指定停泊。
2021年4月15日,15,生态,通报14起违法采矿案件,http://paper.people.com.cn/rmrb/html/2021-04/15/nw.D110000renmrb_20210415_3-15.htm,本报北京4月14日电??（记者朱隽）为发挥典型案例的警示教育作用，维护自然资源利用和管理的良好秩序，经长江、黄河沿线相关省份对2018年以来的违法线索处理情况进行核实，自然资源部近日公开通报14起重大典型违法采矿案件。　　此次通报的重大典型违法案件包括山西省河曲县马某某、王某某违法采矿案，江苏省宜兴市甘某某等3人违法采矿案，浙江省杭州市何某某违法采矿案，安徽省巢湖市张某违法采矿案，江西省进贤县夏某等6人违法采矿案，山东省东平县贺某某违法采矿案，河南省济源市国泰采矿有限公司违法采矿案，湖北省嘉鱼县江苏金堰交通工程有限公司违法开采案，湖南省临湘市辉强建材有限公司违法采矿案，重庆市万州区张某某等6人违法采矿案，四川省成都市青氏劳务有限公司违法采矿案等。　　自然资源部有关负责人介绍，下一步，长江、黄河沿线相关省级自然资源主管部门将采取硬措施，及时发现、坚决制止、严肃查处各类自然资源违法行为，加强长江经济带、黄河流域生态保护，推动高质量发展。
2021年4月15日,15,生态,水下育森林 环湖连绿廊,http://paper.people.com.cn/rmrb/html/2021-04/15/nw.D110000renmrb_20210415_4-15.htm,胡文羽是浙江嘉兴南湖红色旅游景区的讲解员，最近，她带游客在红船边合影，驻足等待间常常能看到水里摇曳的水草和穿梭的鱼虾。“在这里工作了这么多年，南湖变得越来越清澈了。”胡文羽说。　　这是嘉兴南湖推进生态环境修复工程的成果：湖水由浊变清，肉眼可见水草和鱼虾。　　浙江嘉兴生态环境监测中心监测表明，南湖水质连续多月实现Ⅲ类水标准。去年12月以来，南湖湖区透明度基本维持在80厘米以上，部分区域可达100厘米，较治理前的20至30厘米大幅提升。　　嘉兴南湖由运河各渠汇流而成，上接钱塘江、下连黄浦江。四通八达的河流汇聚，为地势平坦的南湖带来大量泥沙，导致水质浑浊。由于四周河道水面坡度减小，部分河道还受潮汐顶托，排水不畅，污染物容易累积沉淀。加之曾经农药、化肥过度使用以及畜禽水产大量养殖等因素，前些年，南湖水质泛黄。还南湖一池清水，是当地人的心愿。　　2020年10月，中交集团上海航道局有限公司牵头中标南湖生态环境修复工程（一期）设计施工总承包项目。　　“工程主要目的就是提高南湖水体透明度，恢复南湖生态环境。”中交上航局勘察设计研究院有限公司内河水环境所副所长尚晓解释，通过提升水质、修复生态、构建水景多措并举，系统解决水体浑浊、水生态系统脆弱等问题，形成环湖连通绿廊，营造优美水岸一体景观带。　　南湖治水探索采用“先水养草，后草养水”的生态修复方式。工程第一阶段是“以水养草”。通过建设拦河闸坝，对进入南湖主湖区的水进行过滤降浊。同时，改造南湖水下地形，为水草生长提供条件。第二阶段是“以草养水”，培育水下森林，构建水生态系统。　　“从去年10月开始，我们陆续在南湖抛投了多种水生植物。狐尾藻、伊乐藻等耐污能力强，为其他沉水植物提供基础条件。刺苦草、马来眼子菜等作为优势种，进一步助力净化水体。考虑到生物多样性，还选取了矮生苦草、微齿眼子菜等伴生种，底栖动物螺、贝、蚌等投放量达5.6吨。”中交上航局南湖生态环境修复工程项目负责人张彦朋说，现在水草区域已经覆盖南湖25%的面积，相当于给南湖系上了一条“绿腰带”。待水草慢慢长大，开始吸附水中悬浮颗粒，底栖动物的游走进食活动也能加速植物吸附颗粒的沉降与降解。　　为更好推进工程管理，项目组还自主研发智慧水务平台，基于大数据、地理空间库、物联网技术，创新实现监测水质信息、呈现施工进度、智能监控施工场地等功能，在手机和平板电脑上就能查看工程实施进度和整体情况。　　目前，南湖生态环境修复工程（一期）项目已完成近70%。中交上航局在数月内建设拦河闸坝6座，运营降浊设施8套，完成水下地形改造近1.5万平方米，植物修复14万平方米，相当于20个标准足球场。
2021年4月15日,15,生态,我国野生鸟类资源不断恢复,http://paper.people.com.cn/rmrb/html/2021-04/15/nw.D110000renmrb_20210415_5-15.htm,本报北京4月14日电??（记者寇江泽）记者从近日举行的全国“爱鸟周”40周年纪念活动启动仪式上获悉：我国通过加大打击力度、持续开展监督检查以及发动志愿者等加强巡查巡护等措施，使朱q、中华秋沙鸭等野生鸟类资源不断恢复。　　我国是世界上鸟类种数最多的国家之一，现有鸟类1445种，其中国家重点保护野生鸟类394种。在全球的9条候鸟迁徙路线中，有4条贯穿我国全境，90%左右的东亚―澳大利西亚迁徙路线上的a鹬类途经我国东部沿海，几乎所有中亚迁徙路线和西亚―东非迁徙路线上的水鸟都会经停我国中西部地区的高原湖泊。　　40年来，我国持续加大鸟类保护力度，朱q由发现之初的7只增长到5000多只，黑脸琵鹭由1000只增长到4000余只。　　截至2020年，我国环志鸟类总数达845种392万只，利用卫星跟踪技术掌握了60余种鸟类的迁徙规律，为科学开展野生鸟类保护提供有力保障。
2021年4月15日,15,生态,嫩江松花江全线开江,http://paper.people.com.cn/rmrb/html/2021-04/15/nw.D110000renmrb_20210415_6-15.htm,本报北京4月14日电??（记者王浩）记者从水利部获悉：4月11日，嫩江干流全线开江；4月13日，松花江干流全线开江。开江期间，松花江干流佳木斯江段发生局部冰凌卡塞，发生超警以上凌汛洪水，没有发生大的险情灾情。　　据悉，今年东北凌情呈现开江时间普遍偏早、开江水位普遍偏高、开江期降水量普遍偏多、多条河流发生超警以上凌汛洪水等特点。受封江水位高、冰层厚度大、冬季降雨量偏多、开江期气温回升较快等因素影响，松花江干流佳木斯江段出现局部冰凌卡塞，导致水位上涨，松花江等河流发生超警以上凌汛洪水。　　水利部松辽水利委员会精细调度嫩江尼尔基等骨干水库，及时发布凌汛洪水预警，派出工作组赴黑龙江省协助地方做好防凌工作。　　黑龙江省水利厅先后两次发出防凌工作通知，派出防凌指导组进行检查指导，各级防凌责任人及时上岗到位，在易发生卡塞江段落实专人巡堤查险。针对松花江干流佳木斯江段凌汛情况，调度莲花水库、大顶子山航电枢纽压减下泄流量，减小冰凌卡塞影响。组织在松花江中下游干流依兰县等地实施主动防凌爆破作业，破冰总长度25.9公里，避免在易卡塞江段形成冰坝。水利部将继续密切监视东北地区凌汛发展变化，全力做好各项防御工作，确保防凌安全。
2021年4月15日,15,生态,南京溧水：多措并举促民生,http://paper.people.com.cn/rmrb/html/2021-04/15/nw.D110000renmrb_20210415_7-15.htm,从群众最关心的问题抓起，从企业最迫切的需求入手，从乡村最向往的未来出发。江苏省南京市溧水区深入践行初心与使命，将党史学习教育与“我为群众办实事”实践活动结合起来，深入开展“党员三坚持三带头”主题活动，创新实施“万企千户百村”走访工程，用心用情用力解决基层的困难事、群众的烦心事。　　溧水创新政务服务模式，开设“市民之家”综合服务窗口，进行“一业一证”改革，彻底简化以往企业领取营业执照后跑多个部门、多个窗口办理行业许可证的复杂流程，精准破解“办证多、办证难、准入不准营”等难题，努力做到审批无积压、服务不过夜，打造“溧刻办”的政务服务品牌。围绕群众反映的公共道路不通问题，全区共摸排出问题路段23条，并将其列入为民办实事事项，预计年底前所有问题路段可全部实现贯通。　　在洪蓝街道山凹村，溧水邀请专业设计团队，立足山凹村实际，深入分析研究，确立“以民宿为主、配套餐饮会务”的业态布局，打造出新型民宿村，全面提升经营能力。自民宿开业以来，平均每家民宿单日营业收入超过4万元。　　溧水坚持把为群众办实事融入工作全流程和发展全过程，重点聚焦推动高质量发展、推进乡村全面振兴、保障和改善民生、提供优质高效政务服务、提升基层治理能力五个方面，力争高标准高质量办好办到位。溧水还充分发挥红色李巷等77处红色文化遗址作用，创新推出多部红色精品剧目、大型展览和文学作品，充分挖掘红色资源蕴含的教育价值和育人功能。　　数据来源：中共溧水区委宣传部
2021年4月20日,14,生态,守护燕鸥 在河之洲（共建万物和谐的美丽家园）,http://paper.people.com.cn/rmrb/html/2021-04/20/nw.D110000renmrb_20210420_1-14.htm,核心阅读　　今年，调整后的《国家重点保护野生动物名录》正式公布，共列入野生动物980种和8类，保护范围大为扩展，保护力度将进一步提升。其中，河燕鸥不仅迎来了改名，保护级别还由二级升为一级――这个原名“黄嘴河燕鸥”的物种，在国内种群状况如何？如何更好地保护这一物种？记者关注3年，写下了这篇报道。　　　　7只、5只、7只。　　这是最近3年左常盛等来的河燕鸥数量，也几乎是目前中国能观测到的全部河燕鸥数量。　　“黄嘴河燕鸥是我国数量最少的鸟类之一。”虽然新调整的《国家重点保护野生动物名录》已经改称其“河燕鸥”，云南铜壁关省级自然保护区管护局盈江管护分局副局长左常盛依然习惯说“黄嘴河燕鸥”。2014年，左常盛开始监测彼时还是国家二级重点保护野生动物的黄嘴河燕鸥，中国作为河燕鸥的繁殖地，2014年后观察到的河燕鸥种群数量从未超过13只。如今，根据《国家重点保护野生动物名录》，河燕鸥成为国家一级重点保护野生动物。送走10多只，来年又只是回来个位数，左常盛既担心又无奈。　　大盈江动物保护工作中的标志性物种　　德宏傣族景颇族自治州盈江县新城乡，一个200米长、七八十米宽的沙洲横卧大盈江。这个沙洲是最容易看到河燕鸥的地方。记者刚一靠近江边，河燕鸥便起飞、俯冲，作势驱赶。　　大盈江，是河燕鸥的繁殖地。每年12月中下旬，河燕鸥都会返回大盈江落脚沙洲，孵化育雏。　　实际上，除了河燕鸥，大盈江的河心沙洲，同样是国家二级重点保护野生动物灰燕a的繁殖地。左常盛介绍：“河燕鸥是大盈江动物保护工作中很好的旗舰物种，保护了它也保护了灰燕a等其他鸟类。”　　即便是上世纪80年代末，河燕鸥在盈江也并不罕见。护鸟员哏波云换回忆，上世纪80年代，当地人捕鱼归来，河燕鸥经常会飞来“抢”篮子里的鱼。历史上，云南的盈江、瑞丽、梁河、陇川，西藏的墨脱都曾有过河燕鸥的观测记录，可如今，能够稳定观测到河燕鸥的仅剩盈江。　　中国科学院昆明动物研究所研究员杨晓君介绍，河燕鸥主要分布在南亚、东南亚，云南是河燕鸥的分布边缘，数量本来就相对较少，“但目前种群数量这么少，必须引起高度重视。”　　从2014年就开始监测河燕鸥的左常盛一直在惦记。“2020年来的时候5只、成功繁殖了6只，但今年只回来了7只。”他说。　　保护繁殖地，为燕鸥育雏提供充分保障　　种群数量稀少，德宏州、盈江县对河燕鸥的保护力度空前。“现在能做的其实都做了。”盈江观鸟协会会长班鼎盈说。　　河燕鸥繁殖只选择江滩沙洲，盈江县这两年全面叫停了江洲采砂。“现在县里只允许因防洪需要疏浚河道时限量挖砂，大盈江这一段大的江滩沙洲至少有40处，而盈江河燕鸥只有个位数的成鸟，栖息地、繁殖地是足够的。”班鼎盈说。　　河燕鸥最重要的食物是大盈江里的鱼，目前食物也充足。　　“前几年还会有人电鱼，这几年经过森林公安等部门的打击，以及护鸟员的守护，在河燕鸥栖息地范围内，电鱼行为基本绝迹。”盈江县森林公安局副局长赵贵宏说。　　河燕鸥繁殖地基本选在江心沙滩上，沙滩距离水面三五十厘米，幼鸟一般需要30―45天时间才能起飞，一旦育雏期水位暴涨，极有可能导致育雏失败。　　2019年3月，大盈江上游的葫芦口电站因电网检修需要提前排干库容。左常盛得知消息，立马给葫芦口电站负责人何正宗去电。　　次日一早，盈江县林草部门、云南电网德宏州供电局和流域内相关水电站就召开了协调会，决定根据河燕鸥孵化需要确定最高水位，设置4个观测点持续监测，从而保证河燕鸥安全孵化。　　后来，听说河燕鸥一窝孵化出3只，何正宗笑得很开心。如今，从沿线各水电站到德宏州供电局、云南省电网，都已经建立了河燕鸥保护协调机制。　　河水水位过高，巢穴有被淹没的风险，但水位过低对河燕鸥同样有威胁：原本的河心沙洲可能会和陆地连成一片。　　“最怕猫猫狗狗上沙洲破坏鸟巢。”左常盛介绍，当地专门聘请了护鸟员，在河燕鸥分布区搭设帐篷看守，防止有人或者水牛到沙洲影响河燕鸥。　　保护性科研慎之又慎　　别的拍鸟者靠近，河燕鸥会俯冲驱赶，唯有哏波云换出现，河燕鸥才会放下警惕。“年轻人待不住，那就我来。”一天100元补助，哏波云换就这样成了专职的河燕鸥护鸟员。　　今年的7只鸟，是不是去年也来过？看似简单的问题，如今却没有明确答案。　　因为每年筑巢沙洲相对稳定，左常盛分析，今年来的河燕鸥是去年来过的鸟。“2020年出现河燕鸥的两个沙洲，2019年也有河燕鸥做巢，今年的巢和去年的离得也很近。根据这个分析，今年来的河燕鸥很可能是去年来过的。”左常盛说，其实要得到答案也不算太难，只要给今年新繁殖的河燕鸥戴上环志，就有可能辨别清楚。　　“但是现在国内的河燕鸥就这么几只，我们也担心在上环志的过程中会出现意外。”左常盛说，“河燕鸥种群数量极低，保护性科研也是慎之又慎。”　　“如果给它们装上定位装置，我们不仅能知道这几只河燕鸥是不是去年来的那几只，还能知道它们的迁徙路线和在更广范围内的分布情况。”左常盛告诉记者，“不过河燕鸥体形过小，安装定位装置会不会给它们带来风险？再比如，不少鸟类都有补蛋的习惯，也就是当它们产下的蛋被拿走后，再产新的蛋，而人工取走的蛋也可以用来尝试人工繁殖。”　　“但目前来说，除非迫不得已，我们都不敢轻易尝试。去年买了人工孵化器，再出现鸟巢因为降雨被淹没或鸟弃巢的情况，我们会尝试人工孵化。”左常盛说。　　“我也不知道它们明年还会不会回来，但只要回来，我们就该给它们提供最好的生存环境。”班鼎盈说。
2021年4月20日,14,生态,共落实各类修复资金九十一亿元,http://paper.people.com.cn/rmrb/html/2021-04/20/nw.D110000renmrb_20210420_2-14.htm,本报北京4月19日电??（记者王浩）记者日前从水利部获悉：从4月1日起，我国已进入汛期，防汛备汛工作已经展开。据介绍，水利部及时安排指导地方开展水利工程设施水毁修复工作，截至4月15日，28个省份和新疆生产建设兵团（不含北京、天津、上海）共落实各类修复资金91亿元，其中中央财政水利救灾资金补助23.1亿元，落实修复项目13631个，修复完成率为75.73%。　　根据各地气候情况和入汛先后规律，分流域、区域明确合理的修复时限，水利部要求浙江、福建、江西、湖南、广东、广西、海南、贵州等地区于4月底前，上海、江苏、安徽、山东、河南、湖北等地区于5月底前，北京、天津、河北、山西、内蒙古、辽宁等地区于6月底前完成水毁修复工作。　　水利部加强对水毁修复工作的监督检查，对地方上报的2020年水毁修复项目进行梳理复核，并组织开展监督检查。截至目前，水利部督查办、长江水利委员会、海河水利委员会、珠江水利委员会、太湖流域管理局已派出5个工作组，对部分重点防洪工程设施水毁修复项目进行检查。　　下一步，水利部将把水毁修复作为汛前检查的重要内容，加强对地方水毁修复工作的分类指导，督促进度滞后省份抓紧推进修复进度，按时完成修复任务。对确实难以按计划完成或需要跨汛期施工的项目，督促指导地方逐一落实安全度汛措施，确保度汛安全。
2021年4月20日,14,生态,我国履约成效瞩目,http://paper.people.com.cn/rmrb/html/2021-04/20/nw.D110000renmrb_20210420_3-14.htm,本报北京4月19日电??（记者寇江泽）近日，中国加入《濒危野生动植物种国际贸易公约》（CITES）40周年座谈会在京举行。据介绍，40年来我国坚定履行公约义务，积极推进履约行动，履约成效瞩目。　　目前，我国建立了以野生动物保护法、野生植物保护条例、濒危野生动植物进出口管理条例为主体的履约立法体系，在CITES秘书处组织的履约国内立法评估中被评为最高等级；进一步完善了我国的履约管理和执法体制机制，建立了较为高效的监管体系。　　我国采取对进口CITES附录Ⅱ、Ⅲ所列野生动植物及其制品实施进出口证明书制度，对食用陆生野生动物和以食用为目的猎捕、交易和运输陆生野生动物予以严格禁止，对商业性进口和国内加工销售象牙及其制品持续实施严格禁止措施等。此外，我国还积极利用“世界野生动植物日”“爱鸟周”等重要节点广泛开展宣传教育，不断增强公众履行公约和保护野生动植物的意识。经过40年的不懈努力，我国90%的植被类型和陆地生态系统、65%的高等植物群落、85%的重点保护野生动物种群得到有效保护。下一步，我国将继续加强野生动植物及其栖息地的源头保护，禁止野生动植物非法交易，不断完善法律法规和规章制度。
2021年4月20日,14,生态,第十一届江苏园艺博览会开园,http://paper.people.com.cn/rmrb/html/2021-04/20/nw.D110000renmrb_20210420_4-14.htm,本报南京4月19日电??（王珏、顾蓉蓉）日前，以“锦绣江苏、生态慧谷”为主题的第十一届江苏省园艺博览会在江苏南京江宁正式开幕。江苏省园艺博览会自2000年以来已成功举办了10届，成为展示江苏生态文明建设成果、传承园林技艺的重要窗口。　　本届园博会园区建设综合采取保育山林、丰富林相、微创修复、融景功能等手段，再造30米高城市展园原址山体崖壁，治理4万平方米泥潭水系，综合治理30万平方米岩溶不良地质，活化利用工业遗产，实现了生态修复基础上的文化传承创新。园区采取人工智能主导的运营模式，打造智慧景区，游客可以刷脸入园、刷脸消费，还设置了无人驾驶车、无人餐厅、无人商店以及无人酒店。目前该园已全面开始线上实名预约购票。　　江宁区相关负责人表示，江宁将持续发力推进全业融合“旅游+”，充分发挥旅游产业的综合性、带动性、全民性功能，形成全域旅游发展新格局，走出一条生态和经济良性互动的绿色发展之路。
2021年4月20日,14,生态,青海现有天然草场4000余万公顷,http://paper.people.com.cn/rmrb/html/2021-04/20/nw.D110000renmrb_20210420_5-14.htm,本报西宁4月19日电??（记者贾丰丰、刘雨瑞）近日，记者获悉：根据青海省第二次草地资源调查，青海草原类型复杂多样，有9个类、10个亚类、93个型。　　青海现有天然草场面积4186.7万公顷，占土地总面积的60.5%。近年来，青海先后实施退牧还草、三江源和祁连山生态保护和建设、退化草原生态修复等重大草原生态保护工程项目，全面开展草原生态保护和修复，全省草原生态得到了有效改善。　　据介绍，为加快国家公园示范省建设，青海新创建4个国家草原自然公园（门源回族自治县苏吉湾、蒙旗阿木赫、泽库县措日更、班玛县红军沟）。同时，青海严格保护管理措施，全面落实草原生态保护政策，建立了总规模达42778人的管护员队伍，有力充实了草原生态管护力量。　　版式设计：蔡华伟
2021年4月20日,14,生态,浙江启动幸福河湖试点县建设,http://paper.people.com.cn/rmrb/html/2021-04/20/nw.D110000renmrb_20210420_6-14.htm,本报杭州4月19日电??（记者窦瀚洋）记者从浙江省水利厅获悉：日前，浙江省启动了2021年度幸福河湖试点县建设，经省级评选公示，建德市、德清县、嘉善县、诸暨市、浦江县、柯城区、松阳县等11县（市、区）成为全省首批幸福河湖试点县建设单位，每个试点县建设周期为2年。　　据介绍，各试点县（市、区）将以全面构建水安全体系、全域提升水生态环境、全力彰显水景观文化、全新挖掘水生态价值、全民参与水智慧管护为主要任务，依托当地独有的自然风貌和河湖治理特色，因地制宜，开展美丽河湖风景线、滨水绿色产业带建设，在全省形成一批山区、丘陵、平原、海岛等各美其美的县域典范，打造一批可复制、可推广的河湖管理改革创新标志性成果。　　据悉，“十四五”时期，按照“县级申报、市级推荐、省级评定”的方式，浙江将筛选50个左右的县（市、区）为幸福河湖试点县建设单位，择优评选30个左右的幸福河湖试点县建设优秀单位，打造江河流域治理现代化的先行示范区，引领构建全域高品质幸福河湖网。
2021年4月20日,14,生态,吉林省打击破坏黑土资源犯罪,http://paper.people.com.cn/rmrb/html/2021-04/20/nw.D110000renmrb_20210420_7-14.htm,本报长春4月19日电??（记者刘以晴）日前，记者从吉林省公安厅获悉：为切实维护吉林省生态环境和粮食安全，加强黑土资源保护，即日起至6月底，吉林省公安厅将组织全省公安机关开展打击破坏黑土资源犯罪专项行动，重拳打击盗挖黑土资源等犯罪，斩断黑土盗卖黑色产业链。　　吉林省公安厅成立打击破坏黑土资源犯罪专项行动领导小组，组织全省公安机关重点打击盗挖黑土资源犯罪活动，紧盯黑土、黑钙土、草甸土等东北特有黑土资源，集中侦办一批盗挖黑土资源犯罪案件；重点打击非法侵占黑土资源犯罪，紧盯耕地、林区、草原以及国家公园、自然保护区等重点部位、区域，集中侦办一批非法占用农用地、破坏自然保护地犯罪案件；重点打击污染黑土资源犯罪，紧盯化工、制药、印染、电镀等重点排污、生产处置危险废物企业单位，集中侦办一批非法排污、非法处置危险废物污染黑土资源案件。　　行动期间，公安机关将依托大数据平台资源，集中警力追根溯源、循线深挖，斩断犯罪利益链条。
2021年4月21日,15,生态,孜孜耕耘，为了那片珊瑚海（共建万物和谐的美丽家园）,http://paper.people.com.cn/rmrb/html/2021-04/21/nw.D110000renmrb_20210421_1-15.htm,核心阅读　　美丽的珊瑚是海洋生物栖息繁衍的重要场所。每年珊瑚虫排卵繁育的季节，海南大学海洋学院教授李秀保都会带着科研团队，到海南的多片海域监测珊瑚生长、修复破碎的珊瑚礁盘、耕耘珊瑚苗圃……　　他研发的火山岩固定珊瑚礁盘等多项珊瑚礁保护技术，获得国家发明专利，很大程度上促进了海洋生态环境的改善。　　　　夜晚，海南三亚某片海域，海南大学海洋学院教授李秀保纵身一跃，下潜10米。鹰嘴鱼、刺尾鱼正在礁石间酣睡，在手电荧光的照射下，五彩斑斓。李秀保来到一丛丛珊瑚前，静静地等候珊瑚虫一年一度的排卵。他必须在珊瑚的精子、卵子排放后一个小时内完成受精卵的收集，带回实验室，破解珊瑚虫有性繁殖的奥秘，选育出更适应在这片海域生存的珊瑚虫。　　不惧风浪，守护珊瑚之美　　2003年，李秀保从安徽农业大学水产养殖专业毕业后，报考了中国科学院南海海洋研究所研究员黄晖的硕士研究生，后来又师从黄晖和中科院南海海洋研究所研究员黄良民两位老师攻读博士研究生。水产养殖和珊瑚礁保护完全不搭界。李秀保说，自己是误打误撞进了珊瑚礁生态学的门。当时在国内，这个专业还属于冷门学科。　　“黄晖老师见了我，只提了一个要求，赶紧学潜水。”李秀保说，起初他对珊瑚礁保护毫无概念，并不知道这个学科的试验田在海底，时常要负重几十公斤下潜到十几米深海，干抡铁锤、砸钢圈的活儿。　　李秀保拿到潜水证后的第一次潜水是在三亚鹿回头海域――方圆十几米的鹿角珊瑚丛林连成一片海底的“热带雨林”，蔚为壮观。“那是我从来没有见过的美丽世界，珊瑚较为脆弱，而鹿角珊瑚更是对生态环境尤为敏感、挑剔。”李秀保说。　　然而，过去，近岸污水排放、全球气候变暖、过度捕捞等对珊瑚礁造成了严重破坏，绵延数百米的珊瑚丛林逐渐退化成只剩下几米的珊瑚带，甚至有的已经很难再连成带。　　“不能坐看海底的美丽消失殆尽。”一年100多次的下潜让李秀保渐渐爱上这片珊瑚海。2006年，他第一次在西沙群岛海域看到肉乎乎的肾形真叶珊瑚、仿佛冒着泡的气泡珊瑚、千枝散开的海底柏柳珊瑚等珍稀珊瑚物种，守护脆弱生命的责任感被激发了。　　为了看珊瑚、拍珊瑚、研究珊瑚，他时常租条渔船就出海，一去就是一个多月。领略海洋之美，当然也会有风险。有一次李秀保下潜到三亚某片海域科考，海面上的快艇从他头顶呼啸而过，差点擦到头皮。十几年的野外科考中，李秀保经历了数不清的风浪、搁浅，但这些丝毫没有消减他对珊瑚礁、对海洋的热爱。　　建造人工鱼礁为珊瑚生长提供有利条件　　李秀保说，珊瑚就像一块块砖，为海洋生物垒砌一座座栖息繁衍的家园。珊瑚礁占整个海洋约1/1000的面积，为1/4的海洋生物、1/3的海洋鱼类提供庇护之所。只有保护好珊瑚，才能守护千千万万的海洋生物。　　“人类必须有所作为。”2011年，李秀保所在的海南大学南海海洋资源利用国家重点实验室海洋牧场团队与海南三亚蜈支洲岛合作，正式启动了我国首个热带“海洋牧场”项目。　　李秀保带领着团队尝试在海底培育珊瑚，将“海洋牧场”中的人工鱼礁设计与珊瑚礁修复结合起来，研发出了珊瑚种植人工礁和黎族船型屋形珊瑚种植礁。　　台风、海底流沙让随流而动的珊瑚幼虫很难附着生存，而这种钢筋铁骨和废弃渔船混搭出来的人工鱼礁，可以牢牢地扎进海底。“我们在海底抡铁锤、敲敲打打，干的就是造礁盘、固基底的活。”李秀保笑着说。　　三亚蜈支洲岛海域，一片80米长的工字形人工鱼礁，养育着1150株珊瑚。苗圃里每株珊瑚摆放的位置李秀保都了然于心：“这株是小叶鹿角珊瑚，前年8月种的，长势很好，过一阵就可以移栽到附近破碎的珊瑚礁盘上；那株是风信子鹿角珊瑚，去年底种的……”10年间，李秀保和他的团队共移植珊瑚10种5000多株，一岁的珊瑚成活率超过90%，修复珊瑚礁面积约1公顷，这片海域的珊瑚覆盖率从不足15%升至高于23%。　　李秀保还创新使用玄武岩新材料来制作人工鱼礁，并就地取材，用海南特有的火山岩来固定破碎化的珊瑚礁。亲和、自然的火山岩引来珊瑚幼虫、珊瑚礁中鱼类的聚集。火山岩投放的前两年，不仅附着其上的珊瑚长势喜人，周围还出现了大量的海参、海胆、海百合。　　可到了第三年，李秀保再到这片海域时，火山岩上已经变成了海藻，更加适应在火山岩上生存的它们挤占了珊瑚的生存空间。“眼下，如何恢复啃食海藻的鹰嘴鱼、马粪海胆等，是我们面临的难题。珊瑚礁修复，就是这样不断试错、不断改进的过程。”李秀保说。　　恢复以珊瑚礁为依托的生态系统，改善海洋生态环境　　“生态保护优先，人工修复为辅，这是我一贯坚持的珊瑚礁保护理念。”李秀保说，珊瑚是对生态环境非常敏感的物种。如果水质退化了，再好的修复技术也无用武之地。　　2016年，李秀保作为领队、首席科学家带领20多名科研人员，奔赴南沙群岛海域，开展40多天的珊瑚礁生态调查。这次科考，既让他看到了丰富的南海生物种群，也见识到了全球气候变暖造成的珊瑚白化，以及过度捕捞鱼类、大法螺导致的长棘海星的大量繁殖。李秀保说，一只长棘海星，一个月内就能啃噬几平方米的珊瑚。　　在海上漂流了40多天，回到陆地后，看到久违的绿植，李秀保感慨：“要摸索开发出更好的修复技术，不仅让珊瑚活起来，还要恢复以珊瑚礁为依托的生态系统，让鱼类贝类等渔业资源也丰富起来，改善海洋生态环境。”　　此后，李秀保和他的团队不仅研究珊瑚，还把草食性鱼类、贝类纳入监测范畴，采集回实验室，在增殖放流时选择更适宜的鱼类。在他们的建议下，当地政府部门每年发动渔民和潜水爱好者下海捕捉长棘海星，保护珊瑚。仅2018年，在南海西沙海域就捕捉了6万多只长棘海星，有效遏制了其对珊瑚造成的损害。　　“移栽珊瑚的目的是修复破碎的珊瑚礁，恢复海洋生物的栖息地，但有些缺乏科学论证的修复，适得其反。比如，从野外已经退化的珊瑚礁群落中，截取珊瑚断肢来培育苗圃，只会加剧珊瑚礁的退化。不考虑水质状况的盲目修复，同样达不到保护恢复的目的。”李秀保说，好在国内珊瑚保护的理念在改变，从最初的慢慢摸索到如今的科学研判、举措得当，国内珊瑚科研团队从最初的零星几个发展到如今的30多个，仅海南大学就有6个团队在做珊瑚的保护研究。李秀保盼望越来越专业的科研人员和科研装备能加入珊瑚礁保护研究中来。
2021年4月21日,15,生态,今年汛期珠江流域汛情可能偏重,http://paper.people.com.cn/rmrb/html/2021-04/21/nw.D110000renmrb_20210421_2-15.htm,本报北京4月20日电??（记者王浩）记者从水利部获悉：据预测，2021年汛期，珠江流域主汛期降雨集中，汛情可能偏重，西江、北江可能发生较大洪水，中小河流可能频繁超警，流域可能出现旱涝并存、旱涝急转的现象。　　面对今年严峻的防汛抗旱形势，珠江防汛抗旱总指挥部要求流域各省份坚持人民至上、生命至上，时刻绷紧防汛抗旱这根弦，坚持预防预备和应急处突相结合，加强统筹协调，周密安排部署，全力以赴做好今年珠江流域防汛抗旱各项工作。各地要强化责任落实、协调联动和科学调度，有效防范重大灾害，全力保障人民群众生命财产安全，为流域经济社会高质量发展提供有力支撑。　　水利部全力做好珠江流域水旱灾害防御，提出相关地区严格落实防汛责任，突出防御重点，流域统筹联动，提升风险防控能力。珠江水利委员会将加强雨水情监测预报预警，紧盯流域汛情发展变化，科学实施水工程调度，减轻流域防洪压力，进一步细化完善流域洪水防御方案，针对标准内洪水的防御，要逐项落实防御措施，确保不出意外；针对超标洪水的防御，要以保障人民生命安全为首要目标，进一步细化防御预案，做好与地方预案的衔接，切实提高可操作性，确保第一时间提出科学的意见建议。　　珠江水利委员会及时全面排查今年流域防汛减灾存在的风险隐患，有针对性地提出应对措施，加强督查检查和技术指导，进一步督促地方细化落实洪水防御、人员转移避险等预案方案，及时协助指导做好水旱灾害防御各项工作，有效防范化解水旱灾害风险。
2021年4月21日,15,生态,重庆提升地灾监测预警能力,http://paper.people.com.cn/rmrb/html/2021-04/21/nw.D110000renmrb_20210421_3-15.htm,本报重庆4月20日电??（记者刘新吾）日前，记者从2021年重庆市汛期地质灾害防治电视电话会上获悉：重庆已建成7000多处智能化地灾监测预警点，可依靠技术手段，助推实现对地质灾害的智能化精准预警。　　据了解，地质灾害常具有隐蔽性、潜伏性、突发性等特征。结合“四重网格化”监测预警体系，重庆7000多处预警点的地灾技防设备能更好发挥预警作用。此外，为加强主动预防，今年重庆还将在綦江、武隆、巫山试点推行地灾“隐患点+风险区双控”，同时加强隐患点精准监测和风险区内地灾易发部位、人口居住区周边的巡查监测，将监测管理范围从“点”扩大到“面”。下一步，重庆市还将全面完成全市各个区县1∶50000地质灾害调查和重点区域1∶10000精细化调查工作。　　据介绍，大数据智能化应用将在重庆地灾监测预警工作中发挥更大作用。以大数据、人工智能、云计算为技术支持的全市地质灾害综合管理系统和重庆地灾防治APP（升级版）预计将于今年内上线运行，重庆市还将继续建设地灾专群结合监测预警项目和地灾群测群防智能化项目，进一步提升地灾监测预警能力。
2021年4月21日,15,生态,青海建立检察协作机制,http://paper.people.com.cn/rmrb/html/2021-04/21/nw.D110000renmrb_20210421_4-15.htm,本报西宁4月20日电??（记者刘雨瑞）近日，青海省七个市州（果洛、玉树、黄南、海南、海北五个藏族自治州及西宁、海东两市）人民检察院联合签订了《关于建立黄河上游（青海段）生态环境和资源保护跨区域检察协作机制的意见》，青海首个在黄河流域以生态环境及资源保护为主要任务的检察机关跨区域协作机制正式形成。　　据介绍，七个市州检察机关将打破以往上游破坏下游检察机关追办案件难度大、耗时长、效率低等弊端，在刑事、民事、行政检察和公益诉讼等方面，就涉及生态环境及自然资源等领域的案件开展跨区域协作办案。在黄河上游青海段构建起精准打击、多元化监督、专业化办案、社会化治理、法治化服务相结合的环境资源全方位保护格局，变行政区域下的“小保护”为流域内的“大保护”。
2021年4月21日,15,生态,黑龙江森林覆盖率达47.3%,http://paper.people.com.cn/rmrb/html/2021-04/21/nw.D110000renmrb_20210421_5-15.htm,本报哈尔滨4月20日电??（记者张艺开）记者近日从黑龙江省林业和草原局获悉：1982年至今，黑龙江省完成义务植树28亿余株，全省森林覆盖率达47.3%，森林蓄积量达到22.4亿立方米。在黑龙江省西北沙化严重地区，40年来累计治理沙化土地60.1万公顷。　　据了解，黑龙江省城乡人居环境得到明显改善，城市建成区绿地面积达到74819公顷，绿化覆盖面积达到84311公顷，城市公园达到658个，村庄绿化覆盖率达到17.7%，城乡生态一体化进程明显加快。　　40年来，黑龙江省生态脆弱地区治理明显加强。在黑龙江省西北沙化严重地区，沙区森林覆盖率由建设初期的不足2%提高到9.28%，可治理沙化土地治理率达到85.7%。
2021年4月21日,15,生态,河北推进农村生活垃圾处理体系全覆盖,http://paper.people.com.cn/rmrb/html/2021-04/21/nw.D110000renmrb_20210421_6-15.htm,本报石家庄4月20日电??（记者邵玉姿）日前，河北省住建厅印发《河北省2021年推进农村生活垃圾处理体系全覆盖工作实施方案》，明确提出，2021年，河北将围绕优化收运处置体系、提高重点区域治理效果和水平、推进农村生活垃圾源头分类和资源化处理目标任务，推进农村生活垃圾处理体系全覆盖。　　《方案》提出优化收运处置体系，合理配置密闭的村庄垃圾收集设施、乡镇转运设施，形成较为完善的收转运体系并稳定运行，推进农村生活垃圾“全部收集、及时转运、无害化处理”。　　为确保实现年度目标任务，《方案》要求各地完善并优化设施设备，按照农村生活垃圾处理体系全覆盖的要求，对照焚烧设施的建设情况，认真梳理本地需完善的收集点、转运站及收运车辆等设施设备清单，制定建设购置计划。列入建设计划的生活垃圾设施建设项目，力争6月底前全部开工建设，10月底前全部完成建设任务。《方案》还要求结合当地实际，统筹推进有机废弃物综合处置利用设施建设，促进农村生活垃圾就地分类和资源化利用。
2021年4月21日,15,生态,福建出台古树名木保护管理办法,http://paper.people.com.cn/rmrb/html/2021-04/21/nw.D110000renmrb_20210421_7-15.htm,本报福州4月20日电??（记者刘晓宇）日前，《福建省古树名木保护管理办法》通过审议，并将于6月1日起施行。根据《办法》，古树是指树龄在100年以上的树木，名木是指具有重要历史、文化、观赏、科学价值和重要纪念意义的树木，省古树名木主管部门应当每10年至少组织开展一次行政区域内古树名木普查。　　《办法》规定，树龄在500年以上的树木为一级古树，树龄在300年以上不满500年的树木为二级古树，树龄在100年以上不满300年的树木为三级古树；古树名木实行日常养护和专业养护相结合，可以通过购买服务的方式对古树名木进行养护；在保护优先的前提下可以合理利用古树名木资源，鼓励挖掘提炼古树名木景观、生态和历史人文价值，建设古树名木公园和保护小区等。《办法》特别提出禁止剥损树皮、挖根、灌注有毒有害物质、刻划、钉钉子、悬挂重物或者以古树名木为支撑物等损害古树名木的行为。损害古树名木的行为将受到处罚，比如，剥损树皮、挖根、灌注有毒有害物质，将被处2000元以上2万元以下的罚款。
2021年4月22日,14,生态,精准施策保供水,http://paper.people.com.cn/rmrb/html/2021-04/22/nw.D110000renmrb_20210422_1-14.htm,核心阅读　　今年以来，南方部分地区因降雨量偏少，旱情持续。各地采取应急调水、修建抗旱水源工程、加强节水、分片分时供水、拉水送水等措施，确保群众生活和生产用水。同时，水利部门加强旱情监测、完善抗旱工程体系，不断提升抗旱能力。　　　　为村民找水――这段时间，云南峨山彝族自治县甸中镇小河村党总支书记李洪贵一直在为水操心。“从2019年开始，我们这就下了几场毛毛雨。”李洪贵说。“村里有2个水库、20多个小塘坝，眼看着要见底，又等不来雨，那叫一个着急。”李洪贵算着账，“全村有1800多人、6000多亩耕地，无论是生活还是浇地，水都不能断。”　　李洪贵介绍，县里积极支持，把城镇集中供水工程的管道延伸到村里，确保一部分村民饮水安全；同时，还采取建应急泵站从水库提水、派车为村民送水等方式补充水源，目前全村生活用水基本能够保障。　　南方部分地区旱情持续，多措并举抗旱　　为水奔波的，还有峨山县水利局局长柏家立。“县里的旱情持续近两年。算水账，目前全县水利工程实际蓄水量仅占总库容的三成多点。”柏家立说，近两年来，县水利局积极谋划，摸清可用水资源和供水风险，压实蓄水责任，建设抗旱保人饮应急工程81处。　　当前云南省正遭遇2019年以来连续三年的旱情。截至4月中旬，云南12个州（市）发生旱情，造成97个县（区、市）97.34万人、33.18万头大牲畜饮水困难，农作物因旱受灾面积达237.14万亩。云南紧急安排1.5亿元资金支持各地抗旱保供水工作，启动开工建设267座抗旱引调（提）水工程。　　去冬今春以来，南方多地遭遇旱情。据水利部珠江水利委员会统计，2020年10月至2021年3月，珠江流域降雨偏少约四成。流域内云南、广西、广东等省份发生不同程度旱情。“2月份以来，南方地区出现了几次较强降雨过程，旱情有所缓解，但部分地区由于降雨量较小，旱情仍然持续。”水利部水旱灾害防御司抗旱处有关负责人杨光介绍。截至目前统计，全国耕地受旱面积643万亩，有98万农村群众发生饮水困难，旱区主要分布在云南、贵州、广东、广西等省份。　　造成南方旱情的原因有哪些？珠江水利委员会有关负责人介绍，去年冬季南支槽强度偏弱，西南暖湿气流难以输送到我国华南地区。此外，受拉尼娜现象影响，南方受高压控制，也不利于来自南海的水汽输送。　　4月1日，我国进入今年汛期，南方旱情能否得到缓解？　　“据气象预测，今年春季江南、华南、西南等地降水仍然偏少，加上春季是农作物生长需水关键期，农业用水量较大，南方部分地区旱情可能再度反弹；黄淮海、东北等北方部分地区去冬以来降水少，局部地区有可能发生春旱。”杨光分析。　　为应对可能出现的旱涝急转、旱涝并存情况，水利部提出，相关地区要坚持防汛抗旱两手抓，加强雨情水情监测预警，统筹做好蓄水和备汛工作，细化水库调度方案，坚守防汛抗旱保安全的底线。　　织密水网，发挥水利工程作用，让水存得住、提得上　　如何确保旱区群众饮水安全？当前正值春耕关键期，如何确保灌溉用水？　　“抗旱直接关系到大家喝水、吃饭，是民生大事，水利部已商财政部安排中央水利救灾资金2亿元，支持受旱省份做好抗旱工作。旱区各地充分发挥大中小微各类水利工程的作用，根据库塘蓄水状况，统筹考虑城乡供水、春灌用水等需求。”杨光介绍。　　旱情出现以来，各地开建临时抗旱工程，想方设法找水、引水。在峨山县练江岸边，机声隆隆，两台抽水机正全力运转，把河水抽到附近水库。“从2019年9月至今，县里开挖76眼应急井，建抽水站、延伸管网，确保11个千吨万人集中供水和千人以上集中供水厂、46个千人以下集中供水厂的人饮供水。”柏家立介绍。　　云南玉溪市江川区已达中度气象干旱，局部达重度气象干旱。区水利局有关负责人介绍，当地鼓励开挖小水窖、小水池等，让水存得住；开展渠道清障、水池清淤、泵站维护等，确保水能提得上、引得出。　　“我们按照先生活、再生产的原则分配水，目前，社区的生活供水来自城镇集中供水工程，用水有保障。”江川区前卫社区监委会主任唐建华介绍。　　据介绍，各地瞄准“水网”短板，精细统筹使用水源，完善抽、提、引、蓄等水工程，扎实做好抗旱工作。　　此外，为了应对跨区域、较大范围的旱情，水利部门联合调度骨干工程，应急调水，确保供水安全。　　2019年以来，韩江流域连续干旱，抗旱形势严峻。今年2月，棉花滩水库等骨干水库有效蓄水量0.91亿立方米，有效蓄水率仅7%，广东汕头、揭阳、潮州、梅州等地较为缺水。　　7次下达动态调度指令、多座大中型水库配合……珠江水利委员会有关负责人介绍，去冬今春枯水期，通过韩江水量统一调度，6亿多立方米的水引到下游地区，有力保障1000多万人供水安全，满足韩江三角洲城市的工业用水以及500多万亩农田灌溉。　　“接下来，水利部门将加强现有水源的统筹管理，完善用水计划，科学调度水利工程，在留足群众生活用水的同时，千方百计满足春季农业灌溉用水需求，为粮食丰收提供水源保障。”杨光介绍。　　要应急处突，更要长久谋划，持续提升抗旱能力　　受气候特征和自然地理条件影响，我国人多地少水缺、水旱灾害频繁。此次南方部分地区的持续旱情，再次对提升水旱灾害防御能力提出了要求。如何提升抗旱能力？接下来还有哪些短板要补上？　　各类水工程是抗旱的有效手段。水利部水旱灾害防御司有关负责人介绍，大中型水利工程调蓄能力强，可长时间提供相对稳定的水源；小微型水利工程如水池、水窖等可以汇集雨水等，一定程度上可缓解农村特别是山区群众的饮水困难。　　“十四五”规划纲要提出，立足流域整体和水资源空间均衡配置，加强跨行政区河流水系治理保护和骨干工程建设，强化大中小微水利设施协调配套，提升水资源优化配置和水旱灾害防御能力。　　目前，一些地区的水利基础设施还存在短板，一些“大动脉”建设需要加速推进，“毛细血管”短板也较多。“对于山区半山区来说，要进一步完善农田水利工程，特别是要加强日常管护和保养。”柏家立介绍。　　加强对旱情的监测预警也是今后要补上的短板。杨光介绍，旱情影响范围广、持续时间长，更需要持续、密切跟踪。比如，相关部门或易旱地区可充分运用新技术，加快推进旱情监测预警综合平台建设，逐步实现旱情监测空天地一体化，为旱情分析提供可靠的决策支持。此外，加强预案编制、做好节水工作，是应对旱情的有效举措。云南省水利部门督促各地制定“一库一策”蓄水计划方案，省、市、县、乡、村五级组织各地算清水账，制定并实施严格供用水计划。广西壮族自治区水利部门编制供水保障方案，针对用水困难地区，强化集中供水、增加临时抽水等工作。　　水利部有关负责人介绍，今后要着力推进水资源集约节约利用，积极引进抗旱节水新技术，大力推广高效节水灌溉等措施，将抗旱与节水有机结合起来。
2021年4月22日,14,生态,第二轮第三批中央生态环保督察进入下沉阶段,http://paper.people.com.cn/rmrb/html/2021-04/22/nw.D110000renmrb_20210422_2-14.htm,"本报北京4月21日电??（记者寇江泽）记者21日从生态环境部获悉：第二轮第三批中央生态环境保护督察进入下沉工作阶段。截至4月19日，各督察组共收到群众来电、来信举报13478件，受理有效举报11039件，经梳理合并重复举报，累计向被督察单位转办9630件；被督察省份已完成查处1453件，其中立案处罚435家，罚款2580.97万元；立案侦查24件，拘留15人；约谈党政领导干部428人，问责党政领导干部96人。
　　在下沉工作阶段，各督察组根据前一阶段督察掌握的情况和聚焦的问题线索，重点下沉到地市（州），深入基层、深入一线、深入现场，督察地市级党委政府生态环境保护工作推进落实情况。其间，将针对重要问题线索开展现场勘查和调查取证，并就是否存在“一刀切”方式消极应对督察的情况开展检查，对生态环境保护不作为乱作为、不担当不碰硬，以及整改落实过程中存在的形式主义和官僚主义问题，加强针对性调查核实，做到见人见事见责任。
　　各督察组继续推动解决群众反映突出的生态环境问题，及时转办督办，加强抽查核实，开展实地回访并面对面听取人民群众意见。督促被督察地方有力有序推进边督边改，以解决具体生态环境问题来回应社会关切，以整改实际成效来取信于民，不断增强人民群众的获得感幸福感安全感。"
2021年4月22日,14,生态,“碧海2021”专项执法行动启动,http://paper.people.com.cn/rmrb/html/2021-04/22/nw.D110000renmrb_20210422_3-14.htm,本报北京4月21日电??（记者刘博通）中国海警局近日联合生态环境部、交通运输部、国家林业和草原局启动为期7个月的“碧海2021”海洋生态环境保护专项执法行动，这标志着该专项执法行动进入了常态化开展、制度化推进新阶段。　　自2020年中国海警局联合相关部委开展“碧海”专项行动以来，海洋生态环境保护各领域监督检查全面强化，海洋污染与生态破坏突出问题得到集中整治，取得明显成效。为进一步巩固行动成果，四部门决定继续开展“碧海2021”专项执法行动。　　此次行动围绕“十四五”时期重点任务要求，明确了海洋（海岸）工程建设项目、海砂开采运输、海洋废弃物倾倒、海洋野生动物保护、海洋石油勘探开发、陆源入海污染物排放等8个重点领域的重点任务，进一步强化监督检查，严厉打击违法犯罪活动。广大群众可通过12369环保举报热线和95110海上报警平台等渠道及时提供有关信息线索。
2021年4月22日,14,生态,浙江南浔：走出特色鲜明的共同富裕新路子,http://paper.people.com.cn/rmrb/html/2021-04/22/nw.D110000renmrb_20210422_4-14.htm,立足新发展阶段，浙江省湖州市南浔区绘就“高水平建设社会主义现代化共同富裕示范样本”的宏伟蓝图，聚焦“经济繁荣、生态优美、城乡均衡、精神富有、社会和谐”五大重点任务，力争到2025年实现地区生产总值突破700亿元、人均生产总值超13万元、低收入群众收入增幅20%以上、农村居民人均可支配收入增幅达到9%的总体目标。　　抢抓机遇?扩大产业规模　　南浔积极抢抓长三角一体化发展机遇，2020年，沪苏湖铁路、苏台高速、湖杭高速、浙江水利水电学院南浔校区、中心城区“三大地标”等一大批项目开工建设，拉开了新一轮城市大开发、大建设、大发展的序幕。　　聚焦扩大产业规模，南浔着力打造千亿光电产业集群，以泰嘉光电项目为龙头，招引一批上下游优质企业，争创光电产业“单打冠军”，扶持提升传统产业，做大做强以“三电一板”为代表的传统产业。到“十四五”末期，南浔力争实现“双两千”目标，即规模以上工业总产值超2000亿元、规模以上企业数超2000家。　　推动乡村全面振兴、带动农户增收致富是实现共同富裕的重要基石与有效手段。“十四五”期间，南浔将以发展壮大“强村公司”为突破口，在目前全区已组建强村公司24家、累计实现利润2412.1万元、村年均增收11.4万元的基础上，力争到“十四五”末，实现年均经营性收入100万元以上行政村全覆盖，既为集体经济积累资金，又充分利用农村闲置劳动力为村民带来经济收益。　　城乡均衡?保障民生幸福　　改革开放以来，南浔借力区位和交通优势，乡镇企业、民营经济蓬勃发展。2020年，全区人均GDP接近10万元，全体居民人均收入达48907元。在此良好基础上，南浔牢牢抓住“共同富裕”中的“共同”，持续关注城乡均衡，更关注优质均衡。　　高水平建设社会主义现代化共同富裕示范样本需要高质量教育的支撑。近年来，南浔区持续优化教育资源布局，创设平等受教机会，培育优质师资队伍。截至2020年底，南浔区义务教育阶段公办学校省标准化创建率达100%，所辖九镇均为省教育强镇、市示范性教育强镇，荣获“全国义务教育发展基本均衡县（市、区）”称号。　　“十四五”期间，南浔将聚焦“城乡均衡”，通过实施文体基础设施提升行动、社区卫生服务站分级分类改革行动、医保惠民生无差别行动、全人群全周期健康管理无差别行动、“1+10+N”居家养老服务设施网络建设行动、“4216+N”交通网建设行动、畅通城乡出行无差别行动、“互联网+便民服务”基层延伸行动、邮政快递进村全覆盖行动等，实现各领域均衡发展。　　与此同时，还将实施“双幼两覆盖”“三名两全”“创新创业三万”“三名两提升”“乐享晚年三优”“三万一全”人居、“六无六有”救助七大工程，实现“幼有善育、学有优教、劳有厚得、病有良医、老有颐养、住有宜居、弱有众扶”，不断彰显南浔共同富裕发展成果。　　弘扬家风?推动“精神富裕”　　富裕不仅表现在物质上的富足，还表现在精神上的富有和心理上的满足。　　好家风，是宝贵的精神财富之一。在南浔，一场持续四年的“最美家风+”系列活动还在进行。通过弘扬好家风，推动乡风、企风、校风、政风、行风建设，不断扩大南浔“文明版图”。目前，南浔区已有14万户家庭立下家训，引导群众向上向善，凝聚起干事创业的强大合力。　　南浔区连续16年获得浙江省“平安区”称号，消防、治安、安全生产等领域形势持续向好，形成了具有地方特色的基层治理工作品牌，营造了各方力量积极参与基层治理的良好氛围，真正打造老百姓看得见、摸得着、体会得到、享受得了的“水晶晶南浔”。　　数据来源：中共湖州市南浔区委宣传部
2021年4月26日,14,生态,让青春与梦想展翅飞翔（保护区里的年轻人）,http://paper.people.com.cn/rmrb/html/2021-04/26/nw.D110000renmrb_20210426_1-14.htm,核心阅读　　在河南黄河湿地国家级自然保护区三门峡管理处，有这样一群年轻人：他们有的是观鸟能手，对保护区的生物多样性进行调查研究；有的是野生动物救护员，为受伤的白天鹅提供救助；有的是疾病监测员，为动物的异常查找原因……他们让青春与梦想展翅飞翔，用脚步践行生态保护，为黄河生态廊道建设贡献着力量。　　　?　　清水深流，波光粼粼，群鸟翔集……在河南三门峡市区至灵宝市的百里黄河生态廊道，冬、春时节常常可见白天鹅在河边湿地栖息、觅食。　　“我从翔集的鸟群里，看到了太阳在飞，从翅膀缝隙里穿过”，这是河南黄河湿地国家级自然保护区三门峡管理处主任董帅伟发在微信朋友圈里的诗。近日，记者来到保护区，随着董帅伟采访这里的年轻人，感受他们的诗意青春，倾听他们保护白天鹅的故事。　　“鸟的生活丰富有趣，要善于观察”　　“到了，这就是王官湿地，是白天鹅来三门峡越冬的集散地。”保护区三门峡管理处科研科科长董睿龙介绍，“这是个河湾，避风、阳光好，水草又多，所以白天鹅喜欢这个地方。”　　董睿龙说，白天鹅学名大天鹅，每年来越冬时，都是先在这里待上几天，然后再飞到保护区附近的湿地，稳定生活至第二年3月底。　　“鸟的生活丰富有趣，要善于观察。”聊起鸟的世界，董睿龙如数家珍：“像红头鸭捕鱼，它们在河上组成三排人字形的队，一排一排地下潜捕鱼，这一排上来那一排下去，非常整齐，像是听着什么口令。后来我研究明白了，这样它们就像在河上织了三道网，便于捕到鱼。大鸨是国家一级保护野生动物，属候鸟，据监测，每年11月份在我们保护区有70多只，平时很少能观测到，观测到求偶更是难得。幸运的是我们观测到过雄鸟求偶状态，伸直颈部，尾羽向上抬起，还不停地抖动，用现在的话说，真是炫酷。”　　董睿龙的第一份工作是法院书记员，因为喜欢鸟类，通过保护区的考试来到这里。开始时，他对湿地保护工作很陌生，甚至连观测笔记都记不好。但他一切从头学起，上学习班接受培训，拜“观鸟达人”为师，如今已成了小有名气的观鸟能手。　　董睿龙的工作可不只是为了找乐趣，他同时也在对保护区的生物多样性进行调查研究。作为一名80后年轻人，自2007年到保护区三门峡管理处以来，他参与编制了《河南黄河湿地国家级自然保护区三门峡段生物多样性调查》，出版了《黄河湿地鸟类――三门峡》等科普书籍，发表了《三门峡黄河湿地鸟类资源调查与保护对策研究》《黄河三门峡库区的雁鸭类》等论文，其中《河南黄河湿地国家级自然保护区三门峡段生物多样性调查》等荣获河南省林业部门的科技进步一等奖。　　“查明原因及时上报，这是我们的任务”　　“赶紧去，有人在灵宝黄河滩涂上发现一只白天鹅死了。”说着，野生动物疫源疫病监测站站长崔源把装具放在车上，跟同事直奔现场。　　1984年出生的崔源，2013年来保护区工作，一旦发现动物死亡等异常情况，他就得立即行动。“鸟死亡的原因很多，有老死的，有病死的，也有长途迁徙累死的。查明原因及时上报，这是我们的任务。”崔源说。　　说着，崔源一行来到了现场。这是一大片泥沼地，白天鹅死亡地点距岸边直线距离500多米。皮艇划不动，他跟同事穿上防水皮服，下到齐腰深的泥沼里，艰难行进两个多小时，终于把死亡的白天鹅运到岸上。顾不上休息，他们又将白天鹅尸体解剖，把解剖标本发送到专业机构进行检测、分析。　　“我们还有一项工作，就是野生动物救护。”崔源介绍，三门峡市野生动物救护监测中心于2005年成立，承担野生动物救护、监测、收容、放生等职责，并负责野生动物救护相关技术研究与推广，具体工作还是野生动物疫源疫病监测站的人来做。　　“两个摊子一起守、两项工作一起做，大家都挺拼的。这几年，救护了草原雕、豹猫等野生动物50余只（次）。”崔源说。　　“救助动物的过程，需要很用心”　　“到2020年冬季，保护区三门峡段野生鸟类种类增加到279种，每年最多时这里栖息着各种鸟100多万只。”野生动物疫源疫病监测站监测员吉晨晓说，一发现有病、有伤的动物，首先进行采样、把它隔离起来，然后再根据情况把它转移到大的观察室，接着把它放到笼子里饲养，确定它没有疫病，等它有能力自己生存了再放归。这个过程，需要人全程监护，要给它打针、饲食，还要观察打针、饲食后的身体反应、变化，并作观察记录，“救助动物的过程，需要很用心。”　　这几年，保护区配备了专门的设施和设备，有了相对独立的野生动物救护监测办公室、初检实验室。“她以前是坐办公室的，平常做饭连鱼都不敢杀。”说起吉晨晓，董睿龙介绍，通过边干边学边总结经验，吉晨晓战胜了恐惧，成了解剖能手。　　崔源说起有次救助草原雕的经过：“有年大雪天，一只草原雕到农家鸡舍里捕食时被困，翅膀受了伤。我们发现后，立即把它带回三门峡市野生动物救护监测中心救护。雕的野性很大，在救护笼里，连续几天不食。我们想了各种办法才激起雕进食的欲望。慢慢地，雕翅膀上的伤好了，又经过放飞前的训练，我们才把它放归了自然。”　　本版制图：蔡华伟
2021年4月26日,14,生态,二十三万余尾珍稀鱼苗投放金沙江,http://paper.people.com.cn/rmrb/html/2021-04/26/nw.D110000renmrb_20210426_2-14.htm,本报昭通4月25日电??（记者叶传增）近日，长江上游珍稀特有鱼类国家级自然保护区云南段增殖放流活动在云南昭通水富市举行，23.3万尾国家一级、二级保护鱼苗投放进金沙江，其中国家一级保护野生动物长江鲟（达氏鲟）3000尾，国家二级保护野生动物胭脂鱼7万尾，国家二级保护野生动物岩原鲤16万尾。　　此次增殖放流活动由云南省林业和草原局、昭通市政府主办，所有放流的长江鲟在背鳍上安装了“T形标”，胭脂鱼和岩原鲤采用了“银光标”，便于对放流鱼种的数量变化、繁殖情况、血缘关系进行科学研究。主办方委托科研单位对放流鱼类开展为期6年的跟踪监测，每年都将作出增殖放流效果评价报告。　　据介绍，长江鲟、胭脂鱼、岩原鲤种群数量少、生存环境要求特殊、自我调节能力和抵抗外界干扰的能力差，通过开展增殖放流活动，可扩大鱼类种群规模，储备繁殖后备群体，有效维护长江鱼类资源多样性，保持水域生态系统平衡。
2021年4月26日,14,生态,玉树枝头绽新绿（奋斗百年路 启航新征程・同心奔小康）,http://paper.people.com.cn/rmrb/html/2021-04/26/nw.D110000renmrb_20210426_3-14.htm,"碧空下，成排的红顶黄墙民居，亮丽醒目；沟道里，巴塘河静静流淌，绿如翡翠。
　　这里是青海省玉树市禅古村。11年前，玉树发生7.1级地震，抗震救灾的第一个“帐篷党支部”就设立在此。
　　灾后恢复重建，禅古村一度经营起砂石料厂。如今，经过一番探索，厂子早已关张。“一来市场需求减少，二来破坏污染河道”，村支书扎格意识到这碗“资源饭”端不稳、端不久。玉树藏族自治州建成集中式光伏扶贫电站后，禅古村转而吃上“阳光饭”，年年有30万元收益。看着村前河水复清，扎格正盘算怎么拿这笔钱助力乡村振兴。
　　既担三江源保护重任，又要小康路上不掉队，禅古之变，是玉树坚持生态优先、绿色发展的缩影。
　　通天河畔，巴塘盆地，108万株树苗高低错落。玉树州林业和草原局局长阿智・昂江多杰说，5年前，从6棵野生古木培育起步，如今这里栽培的柳树树种成活率已达99%。
　　这座高原千亩林木良种繁育基地，让“玉树种不活树”成为历史。“别处‘三分种、七分养’，我们可是拿出了‘以十当一’的劲头。”换土、剪苗、插条、灌溉，阿智・昂江多杰不顾地震时落下的腿伤，带着养护人员埋头苦干。耐高寒、长势好、树龄长的柳树，未来有望在玉树大面积推广栽植。
　　去年，青海省国土绿化现场会头一回在玉树召开，玉树造林的成就让兄弟市州刮目相看。
　　时值春灌，一畦畦柳树饱饮着江源水。长势最好的一茬，经济价值已翻了几番。眼前这座“绿色银行”，正为江源保护“储蓄”出新愿景：不仅守好资源存量，还要发力生态增量。按照规划，玉树市南北两山绿化灌溉工程、囊谦县和称多县湿地公园等项目今年都要实施建设，阿智・昂江多杰准备继续撸起袖子加油干。
　　海拔4000多米的甘达村，是玉树市的饮用水源地，全村分布着213处泉眼。以前，牧民逐水草而居，帐篷就扎在河边，“烧剩的炉灰，顺手就往水里倒”，塑料袋等白色垃圾也是风吹满地跑。
　　而今，甘达村牧民自觉搬离了水源地，家家户户住进政府统一建设的民居。伴随三江源国家公园建设，甘达村成立了牧民自己的环保队伍，全村划分成23个环保小组，实行网格化管理，牧民从草原利用者转型为生态保护者。
　　生态向好，游客纷至沓来，甘达村组建起一支“生态马帮”。去年刚营业，“生态马帮”就接待游客上千人次，为村集体带来28万元收入。村民才丁文次牵来自家两匹马加入马帮，边带游客骑行，边讲自然知识，年收入上了五位数。全村吃上“生态饭”的村民还有50多名，每人年增收上万元。
　　过去有的人谈保护、说发展，像“酥油漂在凉水里”，各是各；如今摸着门道、尝到甜头的甘达村人回过味来：生态保护者，也是红利共享者。保护与发展、生态与民生，化在一起、水乳交融，稠得分不开。
　　“十四五”开局之年，玉树州提出坚持生态保护优先，筑牢三江源生态安全屏障，努力走出适合当地实际的高质量发展之路。去年，玉树市成功入选全国文明城市。在玉树州委书记蔡成勇看来，这份荣誉是玉树过去10多年灾后重建、脱贫攻坚、生态保护的“中期毕业证”，也是探路高质量发展的“入学通知书”，“发展的底色，始终离不了绿。”"
2021年4月26日,14,生态,第四届中国文旅品牌影响力大会,http://paper.people.com.cn/rmrb/html/2021-04/26/nw.D110000renmrb_20210426_4-14.htm,4月23日，由《国家人文历史》杂志社、人民文旅联合举办的第四届中国文旅品牌影响力大会在人民日报社召开。本届大会主题为“奋进新时代?推动文旅高质量发展”，国内文旅领域的专家、企业及媒体代表等，围绕新时代文旅行业面临的机遇与挑战分享洞见，共谋文旅融合与高质量发展路径。　　解析数字时代文旅发展新格局　　历史文化遗产承载着一个民族的文化基因，折射着一个民族的精神特质。中国文旅应该如何借助科技的力量展示文化根脉、弘扬核心价值？会上，与会嘉宾分享了他们对“活化”文化遗产的实践和思考。　　高质量发展是文旅行业复苏的主题，大会举行的两场圆桌论坛分别以“‘十四五’时期构建现代旅游高质量服务体系”“数字化推动中国文旅高质量发展”为议题，专家学者、行业精英等现场进行了思想碰撞。　　揭晓城市历史文化遗产保护利用评估报告　　今年是中国考古学诞生100周年，北京大学考古文博学院、北京清华同衡规划设计研究院有限公司、人民文旅研究院发挥“专家支持+研究技术优势+舆情数据支持”的自身优势，历时半年编制城市历史文化遗产保护利用评估报告，并于大会现场发布。报告统计和评价了全国367个城市的历史文化遗产的保护与利用成果，阐释了“文化遗产活起来，城市才能火起来”的理念。　　全域文旅数据服务平台“人民文旅云”上线　　汇集旅游分析、舆情监测以及三农服务等功能的全域文旅数据服务平台“人民文旅云”在会上宣告上线，实现政府、互联网、景区等单位数据及行业数据全线打通，赋能中国文旅高质量发展。　　会上，人民文旅启动“两山银行”建设优秀案例征集活动。自即日起至12月3日，在线向全国各地方政府征集案例并评选建设典范，营造“存入绿水青山，取出金山银山”的热烈氛围。　　此外，“最美中国TOP100”活动正式开启，在全国征集100处美景，呈现中国美景样貌。　　推荐年度荣誉案例，推动文旅变革发展　　大会推荐了九大类、42项年度荣誉案例，以鼓舞文旅行业变革发展。　　大会用“2020中国文旅年度特别贡献”称号向敦煌研究院致敬，并推荐李子柒、丁真珍珠为“2020中国文化传播年度人物”和“2020中国文旅年度新锐影响力人物”，肯定他们在年轻人中产生的文化影响。　　此外，大会用榜样为行业提供引领、树立信心。安顺黄果树景区、苏州同里古镇等获“2020年度中国旅游景区品牌影响力典范”称号，深圳市南山区南头古城保护与利用指挥部办公室、苏州御亭现代农业产业园公司等获“2020年度中国文旅融合创新发展典范”称号，星球研究所《这里是中国》获“2020年度中国文旅优秀图书”称号，昭苏县人民政府、西安大明宫遗址区等获“2020年度中国文旅营销创新典范”称号，深圳平安金融中心云际观光层等获“2020年度中国文旅产业典型项目”，湖北省文化旅游投资集团有限公司、浙江省旅游投资集团有限公司等获“2020年度中国企业社会责任典范”称号。　　数据来源：人民文旅信息科技（北京）有限公司
2021年4月27日,14,生态,提升海洋灾害防范应对能力,http://paper.people.com.cn/rmrb/html/2021-04/27/nw.D110000renmrb_20210427_1-14.htm,核心阅读　　2020年，我国海洋灾害以风暴潮和海浪灾害为主，与近10年相比，海洋灾害直接经济损失达最低值；去年，我国沿海海平面变化总体呈波动上升趋势，其原因有气候变暖、局地区域水文气象要素变化等。我国开展多种工作，不断提升海洋灾害防范和应对能力。　　　　近日，自然资源部海洋预警监测司发布2020年《中国海洋灾害公报》和《中国海平面公报》。　　《中国海洋灾害公报》显示，2020年，我国海洋灾害以风暴潮和海浪灾害为主，海冰、赤潮、绿潮等灾害也有不同程度发生。各类海洋灾害共造成直接经济损失8.32亿元，死亡（含失踪）6人。与近10年（2011―2020年）相比，2020年海洋灾害直接经济损失和死亡（含失踪）人数均为最低值，分别为平均值的9％和12％。　　2020年，我国沿海共发生风暴潮过程14次（统计范围为达到蓝色及以上预警级别的风暴潮过程），7次造成灾害，直接经济损失8.10亿元。我国近海共发生有效波高4.0米（含）以上的灾害性海浪过程36次，其中台风浪18次，冷空气浪和气旋浪18次。2019/2020年冬季，我国渤海和黄海北部海域受海冰影响较常年偏轻，未造成直接经济损失，共发现赤潮31次，累计面积1748平方千米。其中，有毒赤潮2次，累计面积81平方千米。2020年4―7月，绿潮灾害继续影响我国黄海海域，但与近10年相比，2020年浒苔绿潮具有消亡时间早，分布面积和覆盖面积小等特点。浒苔绿潮消亡时间提前至7月下旬；最大分布面积和最大覆盖面积均为最低值。全年我国未发生海啸灾害。　　应对海洋灾害，我国展开多方面工作　　自然资源部有关专家介绍了我国在应对海洋灾害方面开展的工作。　　实施浒苔绿潮灾害源头治理。与近5年均值相比，2020年浒苔绿潮最大覆盖面积下降54.9％，单日最大生物量从150.8万吨减少至68万吨，持续时间缩短近30天。　　扎实推进自然灾害防治工程。一是海岸带保护修复工程取得阶段性进展。二是全国海洋灾害风险普查工作稳步推进。　　不断完善海洋生态预警监测业务体系。填补国内海洋生态分类空白，出台《海洋生态分类指南（试行）》，形成划定我国海洋生态类型的通用框架。实施全国海洋生态预警监测，布设站位1100余个，完成12条近海标准断面调查。针对全国36个赤潮高风险区开展早期预警监测，及时应对31次赤潮过程。　　优化海洋观测布局。“十三五”时期新增47个岸基观测站点，布放84套锚系和漂流浮标。国家基本海洋观测站点达到155个，各类浮标达143个，实现“十三五”时期岸基海洋站点密度分布目标。　　做好海洋预警报公众服务。全面部署海洋灾害应急预警，2020年共启动海洋灾害应急响应29次，编制海洋灾害警报227期。不断提升海洋灾害预警报能力，预报时效由“十三五”初期的3天提高至5―7天，准确率提升5％。海啸预警时效由“十三五”初期的15―20分钟缩短至8分钟，海啸预警技术达到国际先进水平。以及，不断提升海洋灾害防范和应对能力，加强海洋领域应对气候变化工作。　　沿海海平面变化总体呈波动上升趋势　　《中国海平面公报》显示，中国沿海海平面变化总体呈波动上升趋势。1980―2020年，中国沿海海平面上升速率为3.4毫米/年，高于同时段全球平均水平。2020年，中国沿海海平面较常年高73毫米，为1980年以来第三高。过去10年（2011―2020年）中国沿海海平面均处于近40年来高位。　　2020年，中国沿海海平面变化区域特征明显，与常年相比，渤海、黄海、东海和南海沿海海平面分别高86毫米、60毫米、79毫米和68毫米。与2019年相比，2020年中国沿海海平面总体呈现“北升南降”的特点，渤海和黄海沿海海平面均上升12毫米，东海和南海沿海海平面均下降9毫米。　　2020年，中国沿海海平面偏高，加剧了风暴潮和滨海城市洪涝的影响程度，其中浙江和广东沿海受影响较大。与2019年相比，长江口、钱塘江口咸潮入侵程度总体减轻，珠江口咸潮入侵程度加重。受海平面上升及多种因素影响，辽宁、江苏、福建和广西沿海部分岸段海岸侵蚀加剧；辽宁、河北和江苏沿海局部地区海水入侵范围加大。　　海平面上升由多种因素造成　　自然资源部有关专家解读了海平面持续上升的主要原因。　　专家表示，全球海平面上升主要由气候变暖导致的海水增温膨胀、陆地冰川和极地冰盖融化等因素造成。2019年，全球二氧化碳浓度创历史新高，是工业化前水平的148％。2020年，全球平均表面温度比工业化前水平（1850―1900年平均值）高约1.2±0.1摄氏度，为有观测记录以来三个最暖年份之一。同时，全球海平面上升具有区域差异，西太平洋属于海平面上升速率相对较大的区域，我国沿海位于该区域中，海平面上升速率高于全球平均水平。　　专家还指出，中国沿海海平面还与局地的区域水文气象要素变化、地面沉降等密切相关。海温和气温升高、气压降低等因素都会造成局地海平面上升。1980―2020年，中国沿海海温和气温均呈上升趋势。2020年中国沿海海温较常年高0.9摄氏度，处于1980年以来最高位，沿海气温较常年高0.8摄氏度，处于1980年以来第二暖年。风场异常变化导致海水长时间向岸堆积，也是造成局地海平面升高的原因之一。地面沉降也会造成海平面相对上升。在我国，上海和广州等经济发达的沿海城市位于河口淤积平原，地质结构较松软，由于地下水超采和大型建筑物压实等作用，存在地面沉降，相对海平面上升幅度较大。
2021年4月27日,14,生态,长江流域水库群调度格局初步形成,http://paper.people.com.cn/rmrb/html/2021-04/27/nw.D110000renmrb_20210427_2-14.htm,本报武汉4月26日电??（记者范昊天）记者从26日召开的长江河湖保护与修复高端论坛获悉：为迎接汛期，今年拟将长江流域107座水工程纳入联合调度，其中控制性水库47座，总调节库容1066亿立方米，总防洪库容695亿立方米。目前长江干支流已建成防洪控制性水库55座、防洪库容约649亿立方米，已达规划防洪库容89%。流域水库群调度格局初步形成。　　本次论坛主题为“聚焦长江河湖大保护，共谋绿色发展新篇章”。论坛上，水利部长江水利委员会公布了2016年以来长江治理与保护工作成效。　　优化水资源配置格局。截至今年4月25日，南水北调中线工程累计供水375亿立方米。截至4月初，南水北调东线一期工程累计调水入山东省46亿立方米。长江委加强水质安全管理，系统梳理长江流域2.4万个入河排污口基本信息，推进入河排污口整治与整改提升。　　强化生态需水保障。长江委开展流域河湖生态水量（流量）研究，确定生态流量监管河湖110条（控制断面190个）的生态流量保障目标，开发运行长江流域生态流量监管平台，持续开展三峡水库以及溪洛渡、向家坝、三峡水库联合生态调度试验，2020年长江沙市断面四大家鱼鱼卵年径流量达20.22亿粒，为2011年以来最高。　　加强水土流失防治。长江流域新增水土流失治理面积9.88万平方公里，水土流失面积较2010年减少4.96万平方公里，减幅达12.68%，其中中度及以上侵蚀面积减幅达58%，实现水土流失面积和强度双降。　　严格水行政执法监督。长江委加强河道采砂管理，暗访巡江检查近300次，累计巡查江段超12万公里，指导各地查处非法采运砂船舶7200余艘（次）；加强河湖水域岸线管理，开展长江干流岸线保护和利用专项检查行动，截至目前，2441个涉嫌违法违规项目已完成清理整治2431个；暗访河湖2200余条（个）、督促完成1.1万余个“四乱”问题整改，河湖面貌明显好转。
2021年4月27日,14,生态,赴重点地区开展汛前检查,http://paper.people.com.cn/rmrb/html/2021-04/27/nw.D110000renmrb_20210427_3-14.htm,本报北京4月26日电??（记者邱超奕）据气象部门预测，今年汛期我国气候状况总体为一般到偏差，旱涝并重，区域性、阶段性旱涝灾害明显，极端天气气候事件偏多。记者从应急管理部获悉：国家防总近期组织7个工作组分赴长江、黄河、珠江、淮河、松花江、辽河、海河等七大江河和太湖流域18个省份检查防汛抗旱准备工作。　　工作组分别由国家发展改革委、水利部、应急管理部等部门的负责同志带队，重点检查防汛抗旱责任落实、预案修订、隐患排查、抢险应急等情况，督促各地立足防大汛、抗大旱、抢大险、救大灾，细化落实措施，做好迎汛备汛各项准备。针对检查中发现的问题和薄弱环节，各组要求地方尽快排查整改，补齐短板和不足，切实做好防汛度汛抢险应急各项准备。
2021年4月27日,14,生态,西藏草原综合植被盖度达47%,http://paper.people.com.cn/rmrb/html/2021-04/27/nw.D110000renmrb_20210427_4-14.htm,本报拉萨4月26日电??（记者袁泉、鲜敢）日前，记者从西藏自治区林业和草原局获悉：“十三五”时期，西藏通过实施天然林保护、退耕还林、防沙治沙等林业重点工程，共到位林草生态保护与建设资金202.3亿元，森林覆盖率由12.14%提高至12.31%，草原综合植被盖度由42.3%提高到47%。　　“十三五”时期，西藏通过实施营造林工程先造后补，开展飞播造林试验，试验推广“江水上山”水能提灌技术；大力实施防沙治沙、退耕退牧还林还草、重要湿地保护与恢复、自然保护区建设等重点生态保护修复工程，实现了林草事业快速发展，完成营造林596.48万亩，累计在深度贫困县实施营造林、退耕还林、防沙治沙等林草项目1764万亩。
2021年4月27日,14,生态,野生动物应该怎么保护,http://paper.people.com.cn/rmrb/html/2021-04/27/nw.D110000renmrb_20210427_5-14.htm,扑倒村民、拍碎车窗、咬爆车胎……近日，一只野生东北虎闯进黑龙江省密山市临湖村，造成一名村民轻伤，事件引发广泛关注。记者从密山市委宣传部了解到，目前这名村民已得到有效救治，伤情稳定。　　据黑龙江省林业和草原局通报，该虎体重450斤，是2―3岁的亚成体雄虎，身体强壮，现已被命名为“完达山1号”。目前，该虎已被送往中国横道河子猫科动物饲养繁育中心进一步观察。　　野生虎种群自然扩散　　“该虎刚离开母虎独立生活，正在探索新的栖息环境，寻找适宜栖息地，建立自己的领地。”国家林草局猫科动物研究中心主任、东北林业大学野生动物与自然保护地学院教授张明海介绍，处于该年龄段的东北虎，自身的捕食技能、躲避危险的能力、辨识方向能力等均未达到成年虎水平，但活动范围却较成年虎更大。　　“从其在农田扑倒村民、藏匿于居民区等情况可以判断，之所以来到没有森林分布的‘农田―村落’区域，可能是由于这只虎在附近森林活动时迷路了。”张明海说。　　“从2000年以来，黑龙江省植被生态质量持续转好。”黑龙江省人民政府绿化委员会办公室专职副主任白旭辉说，东北虎对栖息地的生态环境要求很高，其频繁出现，也说明当地生态环境越来越好。　　“近5年，我国已监测到东北虎繁殖幼崽近20只，东北虎种群呈现稳定增长趋势。这只亚成体雄虎的发现，也是野生虎种群自然扩散的结果。”国家林草局猫科动物研究中心常务副主任、东北林业大学教授姜广顺介绍。　　但野生虎种群的扩散也带来了新的问题。　　“人虎相遇”频繁发生　　一段时间以来，“大王”频频下山，人虎相遇时常发生。今年1月11日，在吉林省延边朝鲜族自治州敦化市发现野生东北虎足迹；3月14日，在黑龙江省牡丹江市宁安市三陵乡出现野生东北虎足迹；去年11月13日，吉林省汪清森林公安局民警巡逻时偶遇一只野生东北虎……　　“这为我们敲响了警钟，针对偏远地区野生动物突发事件的快速响应和应急管理机制应加快建立和完善。”中国横道河子猫科动物饲养繁育中心总工程师刘丹表示，公安、动保、林业等部门应形成跨界、跨域联动机制，统筹形成应急预案，确保封锁第一时间完成、救援第一时间抵达，“针对虎豹出没地区，可以网格化配备巡护、救援人员，以防野生动物突发事件发生后还要从较远的城市调拨专业人员，贻误救护时机。”　　《野生动物保护法》规定：“因保护本法规定保护的野生动物造成人员伤亡、农作物或者其他财产损失的，由当地人民政府给予补偿。具体办法由省、自治区、直辖市人民政府制定。”“也可以探索商业保险解决野生动物损害补偿的新途径、新方法，建立对野生动物造成的损害进行补偿的长效机制。”刘丹表示，只有保护人民生命、财产安全，人们才更有动力保护野生动物生存繁衍。　　应建造和修复东北虎迁徙廊道　　刘丹表示，目前我国东北虎豹国家公园内至少有野生东北虎27只。虽然近些年数量有所增加，但东北虎野外种群仍然较小，恢复较慢，依旧处于濒危状态，需要我们倍加爱护。　　目前，人们目击野生东北虎出没的区域相对集中，主要分布在其迁徙的重要廊道区域周围。“哪里是重点防范区域，是可以科学预判的。”姜广顺介绍，一方面，要深入村屯进行宣教活动，做到动物保护意识、防范意识两手抓，“比如这次，很多村民觉得稀奇，其中一些甚至去围观，这是十分危险的。”　　另一方面，东北虎在扩张领地、追踪猎物种群及寻找配偶的过程中，会沿着条件适宜的生态廊道进行迁徙，栖息地斑块之间的隔离会给东北虎迁徙带来困扰。“应该建造和修复便于老虎迁徙的森林廊道，将栖息地斑块连点成线，实现各斑块连通，助力种群迁徙和繁衍，减少虎被迫经过人类村屯区域造成人虎冲突的可能。”姜广顺说。
2021年4月27日,14,生态,珠三角国家森林城市群建成,http://paper.people.com.cn/rmrb/html/2021-04/27/nw.D110000renmrb_20210427_6-14.htm,本报广州4月26日电??（记者洪秋婷）近日，国家林业和草原局专家验收组对珠三角9市森林城市建设进行考核后，一致认为珠三角国家森林城市群通过国家级考核验收，标志着我国首个森林城市群――珠三角国家森林城市群正式建成。　　据介绍，2016年8月，原国家林业局批复同意珠三角地区成为全国首个“国家级森林城市群建设示范区”；2017年4月，广东省印发《珠三角国家森林城市群建设规划》，全面启动珠三角国家森林城市群建设。2018年，珠三角9市实现森林城市全覆盖；2020年，16项指标全部达到《国家森林城市群评价指标》标准，珠三角国家森林城市群建设规划提出的各项重点任务超额完成，已基本建成林城一体、生态宜居、人与自然和谐相处的森林城市群。　　5年来，珠三角地区完成碳汇造林3.4万公顷，湿地类型的自然保护区达到26个，湿地公园达127个；共建设带状森林89处、街心公园717个，新建和提升生态景观林带6900公里、绿道4200公里，古驿道绿化提升86公里，建设碧道97.79公里。　　版式设计：蔡华伟
2021年4月28日,14,生态,树木成行 郁郁葱葱（美丽中国）,http://paper.people.com.cn/rmrb/html/2021-04/28/nw.D110000renmrb_20210428_1-14.htm,核心阅读　　山东济宁嘉祥县是个石雕产业之乡，石材开采一度成为全县支柱产业。但同时，由于乱采滥伐，山体破坏严重。　　名字取自“嘉美祥瑞”之意的嘉祥县，何以“嘉美”？10多年来，从矿山乱采滥伐到按下停止键，从抓封山禁采到生态立县，嘉祥县探索出一条山区绿色发展之路。　　　　　　从山下远望，被劈开的山体裸露着黄白色；在山上近看，树木成行、郁郁葱葱――山东省济宁市嘉祥县纸坊镇的钻石山呈现的这两种景象，对比鲜明。　　当地人说，那些断崖仿佛累累伤痕，记录着嘉祥过度开采矿山的昨天；现在山上的浓浓绿意，恰恰代表着嘉祥县转型发展的今天。　　划定封山育林范围，拆除石灰窑　　黄泛冲积平原边缘，嘉祥县境内，有大小山头126座，探明石灰岩储量90亿吨，是全国石灰岩资源最为富集的地区之一。从上世纪80年代开始，受经济利益驱动，人们一窝蜂地开山采矿，建起大量石灰窑。　　夏纪军是嘉祥县纸坊镇夏庵村村民。2005年，他办理了采石证，买了一台石子机，找来60多个工人，一天能生产4000吨石子，并源源不断地销往省外一些地区。“市场行情好的时候，能卖到28元一吨。”夏纪军说。　　一份影像资料还原了当年的景象：石灰窑尘土飞扬，加工厂星罗棋布。　　“被子一晒全是灰”“不包头巾、不戴口罩不出门”“能见度不超过100米”，说起那些年的情景，附近的居民们直摇头。　　2010年3月，嘉祥县召开十万干部群众誓师大会，封山禁采全面开展：划定封山育林范围，拆除石灰窑，关闭所有锯石机、碎石机……　　封山禁采，不能让百姓断了收入来源。嘉祥县注重“堵疏结合”，建立帮扶制度，让矿主、矿工们走下大山，谋求其他出路。　　经过几年的努力，封山禁采取得阶段性胜利，但盗采时有发生。2013年，全县开展集中行动，多部门联合执法，上山巡查、上路稽查、倒查石材来源，打击回采行为。　　嘉祥县境内的大山渐渐归于平静。据统计，截至2015年，嘉祥县累计封山65座，关停石灰窑97座，封停锯石机5000多部，下山业户2.1万余户。　　“按下停止键只是第一步，闯出新路才是关键。”嘉祥县委书记周生宏说。　　修复破损山体，一锨一镐播撒绿意　　长期无序粗放式地开采，导致嘉祥县域内近2/3的山体被破坏，特别是南部山区65座山体破损严重。　　遭到破坏的山头如何修复成青山？　　嘉祥县下了这么几步棋：“谁破坏、谁治理”，支持开采户开发治理；“谁治理、谁受益”，鼓励联户承包复绿；引进有实力的公司综合施治。　　夏纪军响应政府号召，重返钻石山，栽树复绿。“种树不易，光是回填，就拉了几十万立方米的土！”夏纪军指向山上的树林，“之前山上的杨树所剩无几，如今已经种了两万棵。”　　嘉祥县制定地质环境治理方案，出台矿山复绿奖补政策，落实捆绑式包山头责任制，发动广大干部群众实施“十万干群上山培土育林工程”，全方位、多角度进行绿化。　　纸坊镇先后投入荒山治理资金3亿多元，引入社会资本1亿多元，与农民专业合作社合作，先后治理修复破损山体8820余亩、复垦耕地500多亩。　　10多年来，当地人一锨一镐播撒绿意，仅嘉祥县南部山区就封山育林4.6万多亩，植树造林1000多万株。　　“把生态短板转化为发展优势，全县发展思路要从封山禁采向绿色发展转变。”周生宏说。　　矿山种上经济林，打造网红打卡地；拉通交通路，串起各景点；组建文化旅游公司，推动旅游业发展。2016年起，嘉祥县办起了杏花节，每年迎来十几万游客。　　截至目前，嘉祥县武氏祠景区、曾子文化旅游区等近20个重点文化旅游项目相继开工建设，青山景区等文旅项目已初具规模。　　靠着绿色发展，百姓的腰包鼓起来了。封山后，下山业户达6000余户，顺利转移就业5.3万人，农民人均收入明显增加。　　加速产业转型升级，走高质量发展之路　　“矿山治理前，我们曾试图引进一家电子厂。可人家来参观后，只提出一点：‘粉尘太重，运营成本高，不适合在嘉祥落户。’”周生宏说。　　经过10多年的治理，情况大大转变。“绿水青山就是金山银山”的理念在嘉祥生根。过去，主动招商，却招不进来；而今，一批绿色企业主动来落户。　　“不能捡到篮子里的都是菜，落户门槛要越来越高！”嘉祥县经开区管委会副主任荆培峰介绍，作为全县经济发展主战场，经开区实行严格准入政策，实施“四级联审”制度，从园区自我把关，到专家出具意见，再到县直部门联审，最后市级评审打分。　　经过层层联审，对负面清单类、不符合产业政策类、达不到环保要求类的项目，一律说不。　　前不久，一家生产固体酸的企业找上门。尽管这家企业有着较高的投入产出比，但经过层层联审，环保并不达标，经开区果断将其拒之门外。　　发展经济不能以牺牲环境为代价，绿色发展越来越成为嘉祥企业的自觉。　　工业污水竟能“产”出洗衣粉？在当地一家企业，董事长屈莉铭拿起展示瓶，在眼前轻轻晃了晃：“里面的白色粉末，便是元明粉，是我们从污水中提取而来。可别小瞧它，这是生产洗衣粉的重要原材料。”　　“我们一天提取约80吨元明粉，直接供给园区内做洗衣粉的厂家。价格实惠，还帮他们省了一笔成本。”据屈莉铭介绍，公司投资近3亿元，用于建设资源化利用项目，处理生产过程中产生的含盐尾水、废酸，同时，产出硫酸钠等副产品，加工后实现商品化。　　像这样的企业，在嘉祥县经开区并非个例。理念引领，促进全县经济高质量发展。2020年，嘉祥县全力转方式调结构，加速产业转型升级，新增规上工业企业12家、总数达到148家。　　让天更蓝、水更清、山更绿、产业更旺，走高质量发展之路，正是嘉祥所追求的明天。
2021年4月28日,14,生态,海洋伏季休渔专项执法行动将开展,http://paper.people.com.cn/rmrb/html/2021-04/28/nw.D110000renmrb_20210428_2-14.htm,本报北京4月27日电??（记者刘博通）日前，中国海警局、农业农村部和公安部联合印发“亮剑2021”海洋伏季休渔专项执法行动方案，部署各级海警机构、地方渔政执法机构和公安机关于5月1日至9月16日加强伏季休渔执法监管，全面维护伏季休渔秩序，保护海洋渔业资源。　　5月1日起，我国渤海、黄海、东海和北纬12度以北南海将全面进入海洋伏季休渔期。海洋伏季休渔是我国加强海洋渔业资源保护、促进海洋生态文明建设的一项重要举措。此次行动将继续坚决落实伏休管理制度，紧盯在港渔船监管、重点区域管控、“三无”渔船清理、涉外渔业整治等重难点环节，坚持源头预防和打击整治相结合，综合运用依港管船、港内巡查、海上巡航和科技监控等手段，加强在港渔船管理，强化渔船民宣传教育，加大海上常态巡逻检查力度，适时集中组织专项行动，全面排查消除海上安全隐患。　　据了解，中国海警局将与相关部门密切合作，强化联勤联动，建立完善信息通报、情报共享、形势会商和执法协作等机制，深入开展信息线索摸排，加大各类案件侦办力度，严厉打击涉渔违法犯罪活动，形成严打高压态势。广大群众可通过95110海上报警电话、（010）59191110渔政执法举报受理平台和110报警电话等渠道及时提供有关信息线索。
2021年4月28日,14,生态,节约用水工作部际协调机制建立,http://paper.people.com.cn/rmrb/html/2021-04/28/nw.D110000renmrb_20210428_3-14.htm,本报北京4月27日电??（记者王浩）《国家节水行动方案》要求，由水利部牵头，会同有关部门建立节约用水工作部际协调机制。近日，节约用水工作部际协调机制第一次全体会议在京召开。20个成员单位将充分发挥好协调机制作用，落实《国家节水行动方案》，按照既定目标要求，倒排工作进度，逐项压茬推进，确保落实到位。　　各成员单位将协同解决节水工作重大问题，研究制定相关配套措施，推动节水各项工作有力有序有效实施；保障部际协调机制顺畅运行，形成齐心协力共抓节水工作的强大合力。接下来，各单位将加强统筹谋划、完善法规政策、推进水价改革、加大支持力度，将水资源刚性约束贯穿到经济社会发展各领域各方面，加快推动水资源节约集约利用。
2021年4月28日,14,生态,海南新造红树林1.2万亩,http://paper.people.com.cn/rmrb/html/2021-04/28/nw.D110000renmrb_20210428_4-14.htm,本报海口4月27日电??（记者曹文轩）记者日前从海南省林业局获悉：“十三五”时期，海南持续加大红树林资源保护修复力度，开展湿地保护专项行动，全面恢复提升红树林湿地生态功能。5年间，全省共退塘还湿4.4万亩，其中新造红树林1.2万亩。此外，海南进一步完善湿地保护政策和管理标准体系，推动湿地管理进入标准化、科学化的轨道。5年间建立了12个湿地公园，其中国家级湿地公园7个、省级湿地公园5个。　　“十三五”时期，海南加大对湿地保护和修复力度，出台《海南省湿地保护条例》，立法保护湿地，避免湿地遭到过多人为干扰破坏。此外，海南还印发了《海南省湿地保护修复制度实施方案》《海南省加强红树林保护修复实施方案》等一系列文件，理顺湿地保护管理体制机制，加大保护修复力度，维护湿地生态功能和生物多样性，促进湿地资源可持续利用。　　海南野生动植物保护管理局相关负责人表示，海南将继续加强红树林和湿地保护修复，建立红树林动态数据库及监测体系，利用大数据分析做好红树林湿地的日常保护与管理工作。“十四五”时期，海南计划完成新增红树林面积2.6万亩，修复退化红树林湿地4.8万亩。
2021年4月28日,14,生态,三峡水库向下游补水超百亿立方米,http://paper.people.com.cn/rmrb/html/2021-04/28/nw.D110000renmrb_20210428_5-14.htm,4月27日，三峡大坝与湖北省宜昌市秭归县的古民居群隔水相望。　　今年一季度，长江中下游流域降雨量总体较多年同期均值偏少，局地供水紧张。水利、航运、电力等有关部门优化补水方案，开展补水调度。目前，三峡水库水位有序消落至160米以内。　　自2020年12月13日启动消落补水调度以来，三峡水库已累计为长江中下游补水超100亿立方米，有效满足了长江中下游用水需求。　　郑家裕摄（影像中国）
2021年4月28日,14,生态,贵州出台补偿办法,http://paper.people.com.cn/rmrb/html/2021-04/28/nw.D110000renmrb_20210428_6-14.htm,本报贵阳4月27日电?（记者程焕）近日，贵州制定出台了《贵州省陆生野生动物造成人身财产损害补偿办法》，旨在构建人与自然和谐共生的生态文明发展格局，切实保障民众人身财产安全，为保护陆生野生动物提供制度保障。　　《补偿办法》明确，公民、法人和其他组织因保护陆生野生动物造成了人身伤害、财产损失时，享有依法取得政府补偿的权利，包括造成公民身体伤害或者死亡，合法养殖的畜禽及其他养殖物造成伤亡，在依法承包的土地上种植农作物、经济作物、经济林木及其他种植物造成损毁，合法财产造成损毁，以及经县级以上林业主管部门依法认定的其他情形，可以依法取得补偿。陆生野生动物造成人身伤害的，医疗救治费由政府进行全额补偿，医疗救治期间的误工损失按照所在县上年度就业人员日平均工资计算，残疾补偿金为上年度贵州省城镇单位就业人员年平均工资的1至10倍。　　《补偿办法》特别指出，对于主动攻击或者故意伤害陆生野生动物，违规饲喂、挑逗陆生野生动物，非法狩猎陆生野生动物等行为造成的人身伤害和财产损失，政府不承担补偿责任。对于人工繁育、运输的陆生野生动物逃逸造成人身伤害和财产损失，由人工繁育、运输单位或者个人依法承担民事责任。　　版式设计：蔡华伟
2021年4月29日,14,生态,如画苍山 生机盎然（共建万物和谐的美丽家园）,http://paper.people.com.cn/rmrb/html/2021-04/29/nw.D110000renmrb_20210429_1-14.htm,核心阅读　　“苍山不墨千秋画，洱海无弦万古琴”。苍山是世界地质公园、国家级自然保护区的重要组成部分，也是洱海的重要水源地，生物多样性非常丰富。　　当地修订条例，严禁开山采石，建设繁育基地，开展人工繁育和野外放归，守护苍山生态环境，维护生物多样性。　　　?　　乘索道一路向上，经落叶乔木、飞播成林的云南松华山松，过竹丛灌木，至山巅便只剩杜鹃和冷杉――这里便是苍山。　　加强巡护，全面禁采大理石　　角峰、刃脊、冰斗、冰碛物……海拔超过3600米，距今1万多年的第四纪末次冰期――大理冰期――的遗存也开始多了起来。2014年，苍山这部耗时20多亿年孕育的“天然地质史书”被列入世界地质公园，苍山也因此受到更多关注，得到更加严格的保护。　　如今，这个大理石的命名地，早已全面禁采大理石。“一块品相好的大理石随随便便就能卖到上万元，以前个别人会因此铤而走险，不过这几年，情况已经好转。”大理市苍山保护管理局银桥巡护所工作人员顾庭辉告诉记者，以往盗采大理石也就罚款几百元，违法成本远低于收益；但2019年修订的《云南省大理白族自治州苍山保护管理条例》明确，进行开山、采石、开矿等破坏景观、植被、地形地貌的活动，不仅要限期恢复原状或者限期拆除，还要没收违法所得，并处50万元以上100万元以下罚款。　　曾经的矿洞如今都已经封堵，但部分露天大理石矿区被盗采的风险依然存在。为了守护苍山大理石，顾庭辉这样的守护者要24小时轮流值班，白天巡查，夜间巡护。“晚上、凌晨是盗采高风险时段，夜晚巡逻是常态，要是遇到群众举报，还要蹲守。”顾庭辉说。　　山路难行，从值班室到露天矿区，单程就要四五十分钟。苍山洱海国家级自然保护区管理局大理市苍山分局副局长袁亚治期待，旧矿区附近正在建设的实时监控系统能早点运行，这样就可以更好地守护苍山。　　环境好、人工繁育有序开展，苍山渐成野生动物的乐园　　“现在气候、土壤条件比较好的地方都是树。”袁亚治告诉记者，一方面是因为当地持之以恒的环保教育，另一方面也是因为大家的日子越过越好，“以往砍树是为了烧柴，现在都用上了电，谁还愿意上山砍柴？”　　树多、环境好，苍山渐渐成为野生动物的乐园。据介绍，苍山的生物多样性非常丰富。但另一方面，虽然树木茂盛，但个别物种由于自身特性，依然需要人工繁育。　　2015年，苍山洱海国家级自然保护区管理局大理市苍山分局副局长杨堂亮在巡护中发现3株珍稀植物龙女花。它们虽然能正常开花、结果，却从不见幼苗。四五年时间不见动静，杨堂亮和同事开始尝试人工繁育，扦插不成，他的目光又回到种子繁殖上。　　龙女花属于木兰科，杨堂亮分析，可能是种子落地后水分不够，慢慢失活导致无法繁殖，“以往苍山积雪多，繁殖没问题。现在季节性干旱时间长，种子失活的可能性更大。”　　杨堂亮想到了沙藏――把种子埋到沙子里，时不时往里洒水，保持湿润。“不能浇太多，不然会把种子憋死；但又不能太干，那样种子可能又会失活。”2019年，保护区终于在温室内培育出龙女花幼苗。杨堂亮期待，有一天，温室内的幼苗长大后，能够再回到野外。　　人工繁育、野外放归，在苍山早有成功案例。从2009年到2015年，还在大理大学读书的房以好在老师指导下，花了6年时间尝试苍山白腹锦鸡的人工繁育。为了便于放归，建设人工繁育基地之初，就选择了远离人群的苍山深处，从大理大学去一趟基地得3个小时，房以好干脆就长住在山里。　　2015年，房以好把网一撤，几十只白腹锦鸡悠闲地走到网外，回归苍山。“野外，才是野生动物最好的归宿。”房以好说。　　“虽然是国家二级重点保护野生动物，但现在白腹锦鸡在苍山并不罕见。”已经是大理大学东喜玛拉雅研究院老师的房以好坦言，白腹锦鸡的人工繁育项目意义并非补充白腹锦鸡野外种群，而是掌握其人工繁育、野外放归的完整技术。房以好估计，如今苍山白腹锦鸡种群数量超过万只。杨堂亮巡护中的观察也印证了这一估计：“每天早上10点多、下午四五点，只要巡山，基本都能看到三五成群的白腹锦鸡。”　　保护洱海苍山，生产生活习惯都在跟着改变　　苍山十九峰，孕育了十八溪。山上树多，山间溪活。大理市银桥镇鹤阳村管水员杨现社带记者沿锦溪一路逆流而上，越往上水流声越大。到农灌水闸附近，水深已近一米。　　以往，当地群众引溪水比较随意；如今，安装了水闸，取水需上级审批后，杨现社这样的管水员才会打开水闸放水。一开始有农户嫌麻烦，如今慢慢习惯了。杨现社说，以往村里用水免费，可也浪费。如今，改为集中统一供水，家家户户都知道珍惜水了。　　不仅是生活用水，生产用水也越来越节约。大凤路是洱海苍山之间的一条道路。“大凤路以下，灌溉优先用农田尾水循环灌溉；到了旱季需要上报市里统一审批抽取洱海水灌溉。不过像鹤阳村这样大凤路以上的地块，由于泵站没有覆盖，到了枯水期还是需要引苍山溪水灌溉。”大理市水务局局长杨春淑介绍，2020年，大理市农业灌溉用水量2457万立方米，其中近三成为库塘水，比2019年的2810万立方米减少12%以上。　　保护洱海苍山，生产生活习惯都要跟着改变。如今，大凤路以上区域的种植结构已经改变――现在的鹤阳村没了水稻种植，取而代之的是玉米等旱作品种，“种植水稻要泡田，种植玉米只有春播时需要灌溉，雨季一来，自然降水基本就够了。现在村里的灌溉用水量也就是以前的一半。”杨现社说。
2021年4月29日,14,生态,长江渤海黄河排污口将实施精准管理,http://paper.people.com.cn/rmrb/html/2021-04/29/nw.D110000renmrb_20210429_2-14.htm,本报北京4月28日电??（记者孙秀艳）入河入海排污口是连接岸上和水里的关键节点和最后一道闸口。入河入海排污口排查整治是水生态环境质量改善的重要基础性工作。生态环境部执法局局长曹立平在28日召开的例行新闻发布会上透露，2021年底前，生态环境部将完成长江、渤海和黄河试点地区排污口命名编码并竖立标志牌，全面实施排污口“户籍”管理，确保将整治责任及要求落到实处。　　据介绍，2019年起，生态环境部会同相关省份相继启动了长江、渤海和黄河排污口排查整治工作，通过无人机航测、人工徒步排查、专家质控核查“三级排查”方式，运用高科技，下足笨功夫，基本摸清了长江、渤海和黄河试点地区排污口底数，为精准整治提供了靶向。　　曹立平表示，排污口虽小，但涉及管网建设、污水处理能力、农业面源管理等多个方面，与城乡工业、生活布局和产业发展等都息息相关。需要按照系统治理的思路，根据各地实际情况，紧盯突出问题，对症下药、分类施策、精准治理。针对性补齐基础设施短板，不断提升环境治理能力，推动优化产业布局，才能真正从源头解决水环境问题。　　他表示，近期将重点抓好三方面工作。一是完成排污口监测溯源，掌握排污状况，了解污水来源，找准污染“症结”；二是制定整治方案，将排查发现的排污口纳入管理，明确具体治理措施、责任单位和进度安排；三是实施分类整治，立行立改和长期整治相结合，对能够立即解决的，迅速采取措施解决；对涉及管网建设、污水处理厂建设等需要时间的，明确阶段目标，由易入难，分步推进，不搞一刀切。　　曹立平还介绍，“十三五”时期我国生态环境执法工作取得重要进展，不仅在构建生态环境监督执法体系方面实现新突破，而且通过严格执法，在推动生态环境法律法规落地见效方面也取得了新成绩。　　据介绍，5年间，生态环境执法持续保持高压态势，清理整顿常年累积的违法违规建设项目64.1万个，关停取缔污染严重单位2万余家，废除阻碍环境监管执法的“土政策”206件。“十三五”时期，全国实施环境行政处罚案件83.3万件，罚款金额536.1亿元，分别较“十二五”期间增长1.4倍和3.1倍。全国适用新环境保护法配套办法案件达到14.7万件。　　生态环境执法畅通环境保护法与刑法的衔接工作，与公检法部门切实形成执法合力。5年间，全国累计移送行政拘留案件2.9万余件，移送涉嫌环境污染犯罪案件1万余件，有力震慑了环境违法犯罪行为。　　生态环境执法还突出重点专项行动，持续强化重点领域监管。生态环境系统会同多部门，开展水泥、玻璃行业淘汰落后产能专项督查，推动有效化解2492万吨水泥和1456万箱平板玻璃落后产能。连续3年开展严厉打击涉消耗臭氧层物质（ODS）违法行为专项行动，查处102家违法企业，对19家四氯化碳（CTC）副产企业实行驻厂监督帮扶。
2021年4月29日,14,生态,规上工业单位增加值能耗降8.1%,http://paper.people.com.cn/rmrb/html/2021-04/29/nw.D110000renmrb_20210429_3-14.htm,本报北京4月28日电??（记者韩鑫）记者28日从工信部获悉：一季度，我国制造业绿色化转型加快推进，低碳、智能产品产量高速增长，规模以上工业单位增加值能耗同比下降8.1%。　　工业是能源消耗和二氧化碳排放的主要领域，工业绿色低碳改造，是做好碳达峰、碳中和工作的关键。工信部新闻发言人、运行监测协调局局长黄利斌介绍，今年将组织开展钢铁去产能“回头看”检查，落实压减粗钢产量任务，持续推进传统产业技术改造。同时，将编制重点行业碳达峰实施路线图，加快低碳工业园区建设，通过深入实施智能制造、绿色制造等重大工程，推动制造业高端化、智能化、绿色化发展，助力碳达峰、碳中和目标实现。
2021年4月29日,14,生态,完善生态环境损害赔偿案件办理,http://paper.people.com.cn/rmrb/html/2021-04/29/nw.D110000renmrb_20210429_4-14.htm,本报贵阳4月28日电?（记者黄娴）记者日前获悉：围绕构建案件调查范围清晰、案件办理程序规范、磋商诉讼有序衔接、受损环境精准修复的案件办理程序，贵州制定《贵州省生态环境损害赔偿案件办理规程（试行）》，形成了可操作性较强的生态环境损害赔偿案件办理指南。　　《规程》明确，开展生态环境损害赔偿工作包括启动案件调查、启动索赔、开展磋商、提起诉讼、生态环境修复等步骤。《规程》规定，在案件调查中，赔偿义务人主动表示对赔偿相关事项进行磋商的，可以先行启动磋商，此措施首先可以鼓励赔偿义务人修复的主动性，其次更加有利于生态环境得到及时有效的修复。　　《规程》还细化案件调查范围，规定了生态环境损害赔偿案件简易程序和一般程序，将损害量化金额估算在50万元以下的案件，赔偿义务人对损害责任认定无争议的，采用简易程序办理，其他采取一般程序办理。　　版式设计：蔡华伟
2021年4月29日,14,生态,打个“网约船” 运走污染物,http://paper.people.com.cn/rmrb/html/2021-04/29/nw.D110000renmrb_20210429_5-14.htm,上午10点，从上海出发的“长航集运0329”号集装箱船停泊在湖北宜昌临江坪待闸锚地，等待通过葛洲坝船闸。船长席映军在“船E行”APP上提交了一份污染物交付订单。船上10余名船员，在近10天的航行中产生了2.5立方米生活污水。　　“出发，去第二排待检区！”行驶在锚地附近的污染物接收船“宜昌环保9号”船长张首之在“净小宜”小程序上接单后，循着导航指挥开船。　　10分钟后，两艘船停靠在一起，生活污水通过排污泵被抽到污染物接收船上。污水交付完成后，两位船长的手机上都收到了一张船舶污染物接收电子联单，上面清楚地标明污水接收的时间和数量。“以前收垃圾，要沿着锚地一艘船一艘船地去问。现在行船自己会提交申请，我们线上接单、点对点服务，方便多了！”张首之说。　　宜昌市拥有232公里长江岸线，每年约6万艘（次）船舶在此通行。受葛洲坝和三峡大坝两座船闸通行能力制约，大量船舶在江上锚泊待闸是常态。宜昌市水路交通执法支队支队长胡继学告诉记者，为节约时间、降低成本，船舶大多选择在待闸期间交付污染物，“宜昌江段行船多，船舶不靠岸、停留时间长，污染物交接、转运、处置工作监管压力大。”　　除了生活污水，行船还会产生生活垃圾和含油废水，这几类污染物涉及不同的监管部门――生活污水归住建部门管，生活垃圾归城管部门管，含油废水则归环境部门管，船舶和港口本身又分别归属海事和交通部门。“污染物从哪来，到哪去了？以前，大家信息不互通，谁也说不清。”胡继学说。　　2019年，宜昌市推出船舶污染物协同治理信息系统“净小宜”。系统由应用程序、后台数据库及显示大屏三部分组成，既是船舶污染物接收、转运、处理的工具，也是承载多部门协同监管的公开平台。　　临近中午，“宜昌环保9号”接收船满载着垃圾。张首之再次点开“净小宜”，提交60立方米生活污水的转运申请，宜昌市红联船舶污染物转运码头调度员杨红新接单。杨红新将船上的排污泵与岸上的生活污水管道相接，污水泵入市政管网进行无害化处置。宜昌市交通运输智慧中心大厅的显示屏上，实时显示这批污染物的处置去向，监管部门能够随时追踪。　　“生活污水由码头接单转运，直接排入市政管网；生活垃圾由环卫部门接单，通过环卫车转运至固废处理中心；含油废水在码头经预处理后，由油罐车转运至炼油厂。”宜昌市交通运输智慧中心负责人李宪介绍，通过“净小宜”，过往行船、接收船舶、转运车辆、终端处理单位4个主体实现联动，电子联单制打破了监管部门间的信息壁垒，污染物“交接转处”全流程可以做到闭环管理。　　李宪介绍，自2019年11月“净小宜”上线以来，截至2021年4月27日，宜昌江段累计接收污染物111885单，共接收生活垃圾2002.7吨、生活污水81747.5立方米、含油废水5408.3立方米。目前，“净小宜”已与交通运输部的长江经济带船舶水污染物联合监管与服务信息系统“船E行”系统对接，全长江干线船舶将统一通过“船E行”开展船舶污染物交付工作，宜昌江段沿用“净小宜”完成船舶污染物后续接收、转运、处置工作。　　据了解，目前，宜昌市船舶生活垃圾和生活污水接收转运处置实行全免费。
